EnzymeID, ClassPrediction,ClassProbs
ENZY14585,3,[0.4 0.  0.6 0.  0.  0. ]
ENZY17001,3,[0. 0. 1. 0. 0. 0.]
ENZY10153,1,[0.4 0.2 0.4 0.  0.  0. ]
ENZY15319,3,[0.2 0.  0.8 0.  0.  0. ]
ENZY6907,2,[0.2 0.8 0.  0.  0.  0. ]
ENZY2677,1,[0.4 0.2 0.  0.2 0.2 0. ]
ENZY5053,2,[0.2 0.6 0.2 0.  0.  0. ]
ENZY2342,1,[1. 0. 0. 0. 0. 0.]
ENZY12133,3,[0.4 0.  0.6 0.  0.  0. ]
ENZY11588,1,[0.8 0.  0.2 0.  0.  0. ]
ENZY21584,2,[0.  0.2 0.2 0.2 0.2 0.2]
ENZY19021,2,[0.  0.8 0.  0.2 0.  0. ]
ENZY13607,3,[0.2 0.  0.8 0.  0.  0. ]
ENZY13555,2,[0.  0.6 0.4 0.  0.  0. ]
ENZY14606,3,[0.2 0.  0.8 0.  0.  0. ]
ENZY15564,2,[0.  0.8 0.2 0.  0.  0. ]
ENZY7071,2,[0.  0.4 0.4 0.  0.  0.2]
ENZY6455,1,[0.4 0.4 0.  0.  0.2 0. ]
ENZY4302,2,[0.2 0.8 0.  0.  0.  0. ]
ENZY6968,2,[0. 1. 0. 0. 0. 0.]
ENZY20513,6,[0. 0. 0. 0. 0. 1.]
ENZY11616,3,[0.  0.2 0.4 0.  0.  0.4]
ENZY19043,4,[0.  0.2 0.  0.8 0.  0. ]
ENZY11548,2,[0.2 0.6 0.  0.  0.2 0. ]
ENZY5204,2,[0.2 0.4 0.4 0.  0.  0. ]
ENZY8753,2,[0. 1. 0. 0. 0. 0.]
ENZY1717,2,[0.4 0.6 0.  0.  0.  0. ]
ENZY6017,2,[0. 1. 0. 0. 0. 0.]
ENZY12368,1,[0.4 0.  0.4 0.  0.  0.2]
ENZY18432,1,[0.2 0.2 0.2 0.2 0.  0.2]
ENZY16996,3,[0. 0. 1. 0. 0. 0.]
ENZY20041,1,[0.4 0.4 0.  0.  0.2 0. ]
ENZY20395,3,[0.2 0.2 0.4 0.  0.2 0. ]
ENZY10384,2,[0.  0.8 0.2 0.  0.  0. ]
ENZY13227,3,[0. 0. 1. 0. 0. 0.]
ENZY17232,3,[0. 0. 1. 0. 0. 0.]
ENZY109,1,[1. 0. 0. 0. 0. 0.]
ENZY929,1,[0.6 0.2 0.  0.  0.  0.2]
ENZY941,1,[0.8 0.2 0.  0.  0.  0. ]
ENZY621,1,[0.8 0.  0.  0.  0.  0.2]
ENZY20733,6,[0. 0. 0. 0. 0. 1.]
ENZY20269,4,[0.  0.2 0.  0.4 0.2 0.2]
ENZY21483,6,[0.  0.2 0.  0.  0.2 0.6]
ENZY13531,3,[0. 0. 1. 0. 0. 0.]
ENZY14779,3,[0.  0.  0.6 0.  0.  0.4]
ENZY16716,3,[0.  0.  0.8 0.2 0.  0. ]
ENZY11353,2,[0.  0.8 0.  0.2 0.  0. ]
ENZY10201,2,[0. 1. 0. 0. 0. 0.]
ENZY8342,2,[0. 1. 0. 0. 0. 0.]
ENZY5805,2,[0. 1. 0. 0. 0. 0.]
ENZY1292,1,[1. 0. 0. 0. 0. 0.]
ENZY5983,2,[0.2 0.8 0.  0.  0.  0. ]
ENZY18327,4,[0.2 0.  0.2 0.4 0.  0.2]
ENZY11147,2,[0.  0.4 0.4 0.  0.2 0. ]
ENZY11454,2,[0. 1. 0. 0. 0. 0.]
ENZY19767,1,[1. 0. 0. 0. 0. 0.]
ENZY18925,5,[0.  0.  0.2 0.  0.8 0. ]
ENZY14749,3,[0.  0.2 0.6 0.  0.2 0. ]
ENZY16467,3,[0.  0.2 0.8 0.  0.  0. ]
ENZY12793,3,[0.2 0.2 0.4 0.  0.2 0. ]
ENZY7971,2,[0.  0.6 0.2 0.  0.  0.2]
ENZY5948,2,[0. 1. 0. 0. 0. 0.]
ENZY2878,1,[0.8 0.2 0.  0.  0.  0. ]
ENZY3107,1,[0.4 0.4 0.  0.  0.  0.2]
ENZY12120,3,[0. 0. 1. 0. 0. 0.]
ENZY17756,2,[0.  0.8 0.2 0.  0.  0. ]
ENZY13097,3,[0.  0.2 0.6 0.  0.  0.2]
ENZY10706,2,[0.  0.8 0.  0.  0.  0.2]
ENZY19679,5,[0. 0. 0. 0. 1. 0.]
ENZY13532,3,[0. 0. 1. 0. 0. 0.]
ENZY17817,2,[0.  0.4 0.2 0.2 0.2 0. ]
ENZY11871,3,[0.  0.2 0.8 0.  0.  0. ]
ENZY1309,1,[1. 0. 0. 0. 0. 0.]
ENZY3461,2,[0. 1. 0. 0. 0. 0.]
ENZY5008,2,[0.  0.8 0.2 0.  0.  0. ]
ENZY1476,1,[0.8 0.  0.2 0.  0.  0. ]
ENZY552,1,[0.8 0.  0.  0.  0.  0.2]
ENZY780,1,[0.4 0.  0.  0.2 0.  0.4]
ENZY574,1,[0.6 0.2 0.2 0.  0.  0. ]
ENZY526,1,[0.8 0.  0.  0.  0.2 0. ]
ENZY5588,2,[0.4 0.6 0.  0.  0.  0. ]
ENZY8321,2,[0. 1. 0. 0. 0. 0.]
ENZY1098,6,[0.  0.2 0.  0.2 0.2 0.4]
ENZY8444,2,[0. 1. 0. 0. 0. 0.]
ENZY2433,1,[0.6 0.2 0.2 0.  0.  0. ]
ENZY6635,2,[0.  0.8 0.2 0.  0.  0. ]
ENZY7811,3,[0.2 0.  0.6 0.2 0.  0. ]
ENZY3372,2,[0. 1. 0. 0. 0. 0.]
ENZY11646,2,[0.  0.8 0.  0.  0.  0.2]
ENZY17926,4,[0.2 0.  0.  0.8 0.  0. ]
ENZY21473,2,[0.2 0.4 0.  0.  0.  0.4]
ENZY19810,5,[0.  0.4 0.  0.  0.6 0. ]
ENZY6496,2,[0. 1. 0. 0. 0. 0.]
ENZY1663,1,[1. 0. 0. 0. 0. 0.]
ENZY4594,2,[0.2 0.4 0.2 0.2 0.  0. ]
ENZY7122,2,[0.  0.6 0.4 0.  0.  0. ]
ENZY1585,3,[0.  0.2 0.6 0.2 0.  0. ]
ENZY5485,2,[0.  0.6 0.  0.  0.4 0. ]
ENZY5218,3,[0.  0.2 0.6 0.2 0.  0. ]
ENZY5985,2,[0.2 0.8 0.  0.  0.  0. ]
ENZY4441,2,[0. 1. 0. 0. 0. 0.]
ENZY1485,1,[1. 0. 0. 0. 0. 0.]
ENZY2528,2,[0.4 0.6 0.  0.  0.  0. ]
ENZY3440,2,[0. 1. 0. 0. 0. 0.]
ENZY4616,2,[0.  0.6 0.  0.  0.4 0. ]
ENZY9319,2,[0. 1. 0. 0. 0. 0.]
ENZY7317,2,[0. 1. 0. 0. 0. 0.]
ENZY2219,1,[0.4 0.  0.2 0.  0.  0.4]
ENZY5066,2,[0.2 0.4 0.4 0.  0.  0. ]
ENZY9876,2,[0.2 0.4 0.4 0.  0.  0. ]
ENZY7015,2,[0. 1. 0. 0. 0. 0.]
ENZY19568,5,[0. 0. 0. 0. 1. 0.]
ENZY19038,4,[0.2 0.2 0.  0.4 0.2 0. ]
ENZY21285,6,[0.2 0.2 0.  0.2 0.  0.4]
ENZY12240,3,[0. 0. 1. 0. 0. 0.]
ENZY14481,3,[0. 0. 1. 0. 0. 0.]
ENZY12258,3,[0. 0. 1. 0. 0. 0.]
ENZY20002,4,[0.2 0.  0.2 0.4 0.2 0. ]
ENZY13727,3,[0.2 0.  0.8 0.  0.  0. ]
ENZY5422,2,[0.  0.4 0.2 0.  0.2 0.2]
ENZY3864,2,[0. 1. 0. 0. 0. 0.]
ENZY3748,2,[0. 1. 0. 0. 0. 0.]
ENZY9446,2,[0. 1. 0. 0. 0. 0.]
ENZY5140,2,[0. 1. 0. 0. 0. 0.]
ENZY5120,2,[0.2 0.8 0.  0.  0.  0. ]
ENZY2076,2,[0.2 0.6 0.  0.  0.  0.2]
ENZY3554,2,[0. 1. 0. 0. 0. 0.]
ENZY13686,3,[0.  0.4 0.6 0.  0.  0. ]
ENZY10131,2,[0.  0.4 0.2 0.2 0.2 0. ]
ENZY11380,1,[0.6 0.4 0.  0.  0.  0. ]
ENZY19894,5,[0.  0.4 0.  0.  0.6 0. ]
ENZY19434,5,[0.  0.4 0.  0.  0.6 0. ]
ENZY21821,2,[0.2 0.4 0.  0.  0.  0.4]
ENZY11521,2,[0.2 0.4 0.2 0.2 0.  0. ]
ENZY21338,6,[0.  0.  0.2 0.  0.2 0.6]
ENZY8136,2,[0.  0.8 0.  0.  0.  0.2]
ENZY6110,2,[0.4 0.6 0.  0.  0.  0. ]
ENZY1672,1,[1. 0. 0. 0. 0. 0.]
ENZY4646,2,[0.2 0.4 0.2 0.2 0.  0. ]
ENZY21142,6,[0. 0. 0. 0. 0. 1.]
ENZY10806,1,[0.4 0.4 0.  0.  0.2 0. ]
ENZY16952,3,[0.  0.2 0.8 0.  0.  0. ]
ENZY22137,6,[0.  0.2 0.2 0.  0.  0.6]
ENZY18472,3,[0.  0.  0.6 0.2 0.  0.2]
ENZY10741,2,[0.2 0.4 0.2 0.2 0.  0. ]
ENZY13508,3,[0. 0. 1. 0. 0. 0.]
ENZY5665,2,[0.2 0.6 0.  0.2 0.  0. ]
ENZY9903,3,[0.  0.2 0.6 0.2 0.  0. ]
ENZY7513,2,[0.  0.6 0.2 0.2 0.  0. ]
ENZY5155,2,[0.2 0.8 0.  0.  0.  0. ]
ENZY12100,3,[0.  0.2 0.8 0.  0.  0. ]
ENZY11444,2,[0. 1. 0. 0. 0. 0.]
ENZY13811,1,[0.4 0.2 0.  0.4 0.  0. ]
ENZY11481,1,[0.8 0.2 0.  0.  0.  0. ]
ENZY6842,2,[0. 1. 0. 0. 0. 0.]
ENZY2348,2,[0.2 0.4 0.  0.  0.4 0. ]
ENZY9834,2,[0.  0.8 0.  0.  0.2 0. ]
ENZY1758,1,[0.4 0.2 0.  0.  0.4 0. ]
ENZY14680,3,[0. 0. 1. 0. 0. 0.]
ENZY16849,6,[0.2 0.2 0.2 0.  0.  0.4]
ENZY21819,2,[0.  0.2 0.2 0.2 0.2 0.2]
ENZY20647,6,[0. 0. 0. 0. 0. 1.]
ENZY17218,3,[0.  0.2 0.6 0.  0.  0.2]
ENZY11428,2,[0. 1. 0. 0. 0. 0.]
ENZY18869,1,[0.4 0.  0.  0.4 0.  0.2]
ENZY18185,4,[0.  0.2 0.  0.4 0.4 0. ]
ENZY8333,2,[0.  0.4 0.4 0.  0.  0.2]
ENZY9029,2,[0. 1. 0. 0. 0. 0.]
ENZY4605,4,[0.  0.2 0.2 0.6 0.  0. ]
ENZY3971,2,[0. 1. 0. 0. 0. 0.]
ENZY16628,2,[0.  0.6 0.  0.  0.2 0.2]
ENZY20575,2,[0.  0.6 0.2 0.2 0.  0. ]
ENZY12917,3,[0.  0.2 0.4 0.2 0.2 0. ]
ENZY12597,2,[0.2 0.6 0.2 0.  0.  0. ]
ENZY19414,4,[0.  0.  0.2 0.4 0.4 0. ]
ENZY15598,3,[0.  0.2 0.4 0.2 0.  0.2]
ENZY21619,1,[0.4 0.2 0.2 0.  0.  0.2]
ENZY14789,3,[0.  0.4 0.6 0.  0.  0. ]
ENZY12086,3,[0. 0. 1. 0. 0. 0.]
ENZY19764,3,[0.  0.4 0.6 0.  0.  0. ]
ENZY14559,3,[0.2 0.  0.8 0.  0.  0. ]
ENZY11157,5,[0.2 0.  0.2 0.2 0.4 0. ]
ENZY14566,3,[0.2 0.  0.8 0.  0.  0. ]
ENZY14982,3,[0.2 0.2 0.4 0.2 0.  0. ]
ENZY14257,3,[0.  0.2 0.4 0.2 0.  0.2]
ENZY16380,2,[0.2 0.6 0.2 0.  0.  0. ]
ENZY13074,3,[0.  0.2 0.6 0.2 0.  0. ]
ENZY11589,6,[0.2 0.2 0.2 0.  0.  0.4]
ENZY21843,1,[0.4 0.4 0.2 0.  0.  0. ]
ENZY10286,3,[0.  0.2 0.6 0.  0.  0.2]
ENZY19872,1,[0.4 0.4 0.  0.  0.2 0. ]
ENZY17923,4,[0. 0. 0. 1. 0. 0.]
ENZY21580,1,[0.8 0.  0.  0.  0.  0.2]
ENZY19198,2,[0.2 0.4 0.2 0.2 0.  0. ]
ENZY8125,2,[0. 1. 0. 0. 0. 0.]
ENZY3868,2,[0.  0.6 0.4 0.  0.  0. ]
ENZY9564,2,[0.  0.8 0.  0.  0.  0.2]
ENZY5953,3,[0.  0.2 0.8 0.  0.  0. ]
ENZY7994,2,[0.  0.6 0.2 0.  0.  0.2]
ENZY5562,3,[0.2 0.  0.6 0.2 0.  0. ]
ENZY8007,2,[0.  0.8 0.  0.2 0.  0. ]
ENZY7923,2,[0.  0.8 0.  0.2 0.  0. ]
ENZY10799,2,[0.  0.4 0.2 0.2 0.  0.2]
ENZY17713,3,[0.  0.2 0.6 0.  0.  0.2]
ENZY15951,3,[0.4 0.  0.6 0.  0.  0. ]
ENZY18511,3,[0.2 0.2 0.6 0.  0.  0. ]
ENZY7794,2,[0. 1. 0. 0. 0. 0.]
ENZY4825,3,[0.  0.2 0.6 0.2 0.  0. ]
ENZY9621,2,[0.  0.8 0.2 0.  0.  0. ]
ENZY7440,2,[0.2 0.6 0.  0.2 0.  0. ]
ENZY13371,2,[0.  0.6 0.4 0.  0.  0. ]
ENZY20916,6,[0.4 0.  0.  0.  0.  0.6]
ENZY10091,2,[0. 1. 0. 0. 0. 0.]
ENZY16727,3,[0.2 0.2 0.6 0.  0.  0. ]
ENZY2713,1,[1. 0. 0. 0. 0. 0.]
ENZY21638,6,[0.  0.2 0.  0.  0.  0.8]
ENZY20692,6,[0. 0. 0. 0. 0. 1.]
ENZY17783,3,[0.  0.2 0.4 0.2 0.2 0. ]
ENZY18942,3,[0. 0. 1. 0. 0. 0.]
ENZY16929,3,[0. 0. 1. 0. 0. 0.]
ENZY20052,1,[0.4 0.  0.4 0.  0.2 0. ]
ENZY16223,3,[0.2 0.  0.8 0.  0.  0. ]
ENZY6007,2,[0.  0.8 0.  0.  0.2 0. ]
ENZY9257,2,[0. 1. 0. 0. 0. 0.]
ENZY1236,2,[0.  0.4 0.4 0.2 0.  0. ]
ENZY8628,2,[0. 1. 0. 0. 0. 0.]
ENZY3878,2,[0. 1. 0. 0. 0. 0.]
ENZY1669,1,[0.6 0.4 0.  0.  0.  0. ]
ENZY3476,2,[0. 1. 0. 0. 0. 0.]
ENZY6746,2,[0. 1. 0. 0. 0. 0.]
ENZY869,2,[0.4 0.6 0.  0.  0.  0. ]
ENZY148,1,[1. 0. 0. 0. 0. 0.]
ENZY872,1,[0.8 0.2 0.  0.  0.  0. ]
ENZY622,3,[0.2 0.2 0.4 0.  0.2 0. ]
ENZY20821,6,[0. 0. 0. 0. 0. 1.]
ENZY10287,2,[0.2 0.6 0.2 0.  0.  0. ]
ENZY10180,2,[0. 1. 0. 0. 0. 0.]
ENZY19492,5,[0.  0.4 0.  0.  0.6 0. ]
ENZY9634,2,[0. 1. 0. 0. 0. 0.]
ENZY2054,1,[0.6 0.4 0.  0.  0.  0. ]
ENZY2338,1,[1. 0. 0. 0. 0. 0.]
ENZY1536,2,[0.2 0.6 0.2 0.  0.  0. ]
ENZY10215,2,[0. 1. 0. 0. 0. 0.]
ENZY10163,2,[0.2 0.4 0.  0.  0.  0.4]
ENZY21788,6,[0.  0.4 0.  0.  0.  0.6]
ENZY11464,2,[0.  0.8 0.2 0.  0.  0. ]
ENZY20458,2,[0.  0.2 0.2 0.2 0.2 0.2]
ENZY21841,5,[0.  0.  0.2 0.  0.4 0.4]
ENZY14647,3,[0. 0. 1. 0. 0. 0.]
ENZY12991,3,[0. 0. 1. 0. 0. 0.]
ENZY12670,3,[0. 0. 1. 0. 0. 0.]
ENZY21235,3,[0.  0.  0.4 0.2 0.2 0.2]
ENZY13154,2,[0.  0.4 0.4 0.2 0.  0. ]
ENZY10079,2,[0. 1. 0. 0. 0. 0.]
ENZY16674,3,[0. 0. 1. 0. 0. 0.]
ENZY12375,3,[0. 0. 1. 0. 0. 0.]
ENZY19701,5,[0. 0. 0. 0. 1. 0.]
ENZY19734,5,[0. 0. 0. 0. 1. 0.]
ENZY11634,2,[0.  0.8 0.  0.  0.  0.2]
ENZY15026,3,[0. 0. 1. 0. 0. 0.]
ENZY10756,2,[0.  0.8 0.  0.2 0.  0. ]
ENZY19855,4,[0.  0.  0.  0.8 0.2 0. ]
ENZY1423,6,[0.2 0.2 0.2 0.  0.  0.4]
ENZY2094,1,[0.6 0.4 0.  0.  0.  0. ]
ENZY6240,2,[0. 1. 0. 0. 0. 0.]
ENZY8169,2,[0. 1. 0. 0. 0. 0.]
ENZY9391,2,[0. 1. 0. 0. 0. 0.]
ENZY7371,2,[0.  0.6 0.4 0.  0.  0. ]
ENZY5467,3,[0.  0.2 0.8 0.  0.  0. ]
ENZY3753,2,[0. 1. 0. 0. 0. 0.]
ENZY16384,2,[0.2 0.4 0.  0.2 0.  0.2]
ENZY16416,3,[0.  0.  0.8 0.2 0.  0. ]
ENZY17890,1,[0.2 0.2 0.2 0.2 0.  0.2]
ENZY10506,1,[0.4 0.  0.4 0.  0.2 0. ]
ENZY18549,4,[0.  0.  0.2 0.4 0.  0.4]
ENZY10060,2,[0. 1. 0. 0. 0. 0.]
ENZY19406,3,[0.  0.  0.4 0.4 0.2 0. ]
ENZY22140,2,[0.2 0.4 0.  0.  0.2 0.2]
ENZY1405,1,[0.6 0.  0.  0.  0.  0.4]
ENZY7986,2,[0.  0.8 0.  0.2 0.  0. ]
ENZY9108,2,[0. 1. 0. 0. 0. 0.]
ENZY5719,2,[0.  0.6 0.  0.2 0.2 0. ]
ENZY13568,2,[0.2 0.4 0.  0.4 0.  0. ]
ENZY18995,2,[0.  0.4 0.  0.2 0.4 0. ]
ENZY21222,1,[0.4 0.  0.  0.2 0.  0.4]
ENZY19970,1,[0.6 0.  0.2 0.  0.  0.2]
ENZY1300,1,[1. 0. 0. 0. 0. 0.]
ENZY6982,2,[0. 1. 0. 0. 0. 0.]
ENZY2251,3,[0.  0.4 0.6 0.  0.  0. ]
ENZY6505,2,[0. 1. 0. 0. 0. 0.]
ENZY2164,2,[0.2 0.4 0.2 0.  0.  0.2]
ENZY9645,2,[0.  0.8 0.  0.  0.  0.2]
ENZY6922,2,[0.2 0.6 0.2 0.  0.  0. ]
ENZY6260,2,[0. 1. 0. 0. 0. 0.]
ENZY4669,2,[0.  0.4 0.4 0.  0.  0.2]
ENZY2152,2,[0.2 0.4 0.2 0.  0.2 0. ]
ENZY3003,1,[0.4 0.2 0.  0.  0.2 0.2]
ENZY1793,3,[0.2 0.2 0.4 0.  0.2 0. ]
ENZY20261,4,[0.  0.  0.  0.4 0.4 0.2]
ENZY18717,1,[0.2 0.2 0.2 0.2 0.2 0. ]
ENZY11637,2,[0.  0.6 0.  0.  0.  0.4]
ENZY19518,2,[0.2 0.4 0.2 0.  0.2 0. ]
ENZY11496,2,[0.  0.4 0.4 0.2 0.  0. ]
ENZY11840,2,[0.2 0.8 0.  0.  0.  0. ]
ENZY21010,6,[0. 0. 0. 0. 0. 1.]
ENZY15924,1,[0.4 0.2 0.2 0.  0.2 0. ]
ENZY14427,3,[0. 0. 1. 0. 0. 0.]
ENZY20076,3,[0.  0.2 0.6 0.  0.2 0. ]
ENZY17979,2,[0.  0.4 0.  0.4 0.2 0. ]
ENZY10900,3,[0.  0.2 0.6 0.  0.  0.2]
ENZY12524,3,[0. 0. 1. 0. 0. 0.]
ENZY10269,1,[0.4 0.4 0.  0.2 0.  0. ]
ENZY15731,2,[0.2 0.6 0.  0.  0.2 0. ]
ENZY12906,3,[0. 0. 1. 0. 0. 0.]
ENZY12579,3,[0.4 0.  0.6 0.  0.  0. ]
ENZY17927,2,[0.2 0.6 0.  0.2 0.  0. ]
ENZY19693,5,[0. 0. 0. 0. 1. 0.]
ENZY17978,5,[0.  0.2 0.  0.2 0.6 0. ]
ENZY3855,2,[0.  0.8 0.  0.  0.2 0. ]
ENZY6755,2,[0.  0.8 0.2 0.  0.  0. ]
ENZY5224,2,[0. 1. 0. 0. 0. 0.]
ENZY6503,2,[0. 1. 0. 0. 0. 0.]
ENZY20519,6,[0. 0. 0. 0. 0. 1.]
ENZY19702,2,[0.  0.6 0.  0.  0.  0.4]
ENZY13312,3,[0. 0. 1. 0. 0. 0.]
ENZY13231,3,[0.  0.2 0.8 0.  0.  0. ]
ENZY4357,2,[0. 1. 0. 0. 0. 0.]
ENZY6796,2,[0.  0.8 0.  0.2 0.  0. ]
ENZY1091,1,[0.4 0.2 0.  0.  0.  0.4]
ENZY7575,2,[0.2 0.4 0.4 0.  0.  0. ]
ENZY17776,2,[0.2 0.4 0.2 0.  0.2 0. ]
ENZY19628,5,[0. 0. 0. 0. 1. 0.]
ENZY19382,2,[0.  0.6 0.  0.  0.2 0.2]
ENZY12666,3,[0.2 0.2 0.4 0.2 0.  0. ]
ENZY21231,1,[0.4 0.2 0.  0.  0.2 0.2]
ENZY20640,6,[0.  0.  0.2 0.  0.  0.8]
ENZY12105,3,[0. 0. 1. 0. 0. 0.]
ENZY18411,2,[0.  0.4 0.  0.2 0.4 0. ]
ENZY21741,6,[0.  0.2 0.  0.  0.  0.8]
ENZY14879,2,[0.2 0.4 0.  0.2 0.2 0. ]
ENZY11025,2,[0.  0.6 0.2 0.2 0.  0. ]
ENZY20716,6,[0. 0. 0. 0. 0. 1.]
ENZY75,1,[0.8 0.  0.  0.  0.  0.2]
ENZY223,1,[0.2 0.2 0.2 0.  0.2 0.2]
ENZY953,1,[0.8 0.  0.  0.2 0.  0. ]
ENZY138,2,[0.  0.4 0.  0.2 0.2 0.2]
ENZY4033,2,[0. 1. 0. 0. 0. 0.]
ENZY5141,2,[0. 1. 0. 0. 0. 0.]
ENZY9934,2,[0. 1. 0. 0. 0. 0.]
ENZY9556,2,[0. 1. 0. 0. 0. 0.]
ENZY2609,2,[0.2 0.4 0.2 0.2 0.  0. ]
ENZY1351,1,[0.4 0.  0.4 0.  0.  0.2]
ENZY6491,2,[0. 1. 0. 0. 0. 0.]
ENZY5017,2,[0.2 0.6 0.  0.2 0.  0. ]
ENZY8568,2,[0. 1. 0. 0. 0. 0.]
ENZY8028,2,[0.  0.8 0.  0.2 0.  0. ]
ENZY6631,2,[0.  0.8 0.2 0.  0.  0. ]
ENZY2699,1,[1. 0. 0. 0. 0. 0.]
ENZY6074,2,[0.  0.6 0.2 0.  0.2 0. ]
ENZY9991,2,[0. 1. 0. 0. 0. 0.]
ENZY9719,2,[0.  0.6 0.  0.  0.2 0.2]
ENZY3563,2,[0. 1. 0. 0. 0. 0.]
ENZY21850,2,[0.  0.2 0.2 0.2 0.2 0.2]
ENZY12129,3,[0. 0. 1. 0. 0. 0.]
ENZY17244,3,[0.2 0.  0.8 0.  0.  0. ]
ENZY14195,2,[0.  0.4 0.2 0.  0.  0.4]
ENZY6903,2,[0.2 0.8 0.  0.  0.  0. ]
ENZY4597,5,[0.  0.  0.  0.4 0.6 0. ]
ENZY6712,2,[0. 1. 0. 0. 0. 0.]
ENZY3410,2,[0. 1. 0. 0. 0. 0.]
ENZY15277,3,[0.  0.  0.8 0.2 0.  0. ]
ENZY10107,2,[0. 1. 0. 0. 0. 0.]
ENZY18448,2,[0.  0.8 0.  0.2 0.  0. ]
ENZY12299,3,[0.2 0.2 0.6 0.  0.  0. ]
ENZY17500,3,[0. 0. 1. 0. 0. 0.]
ENZY11905,3,[0.2 0.  0.8 0.  0.  0. ]
ENZY16449,3,[0. 0. 1. 0. 0. 0.]
ENZY11693,2,[0.2 0.4 0.2 0.  0.  0.2]
ENZY16443,1,[0.6 0.  0.4 0.  0.  0. ]
ENZY14367,3,[0.2 0.  0.8 0.  0.  0. ]
ENZY11160,2,[0.2 0.4 0.2 0.2 0.  0. ]
ENZY14837,3,[0.  0.2 0.4 0.2 0.2 0. ]
ENZY6973,2,[0. 1. 0. 0. 0. 0.]
ENZY5288,2,[0.  0.8 0.  0.2 0.  0. ]
ENZY5982,2,[0.2 0.8 0.  0.  0.  0. ]
ENZY6161,2,[0. 1. 0. 0. 0. 0.]
ENZY7805,2,[0.  0.8 0.2 0.  0.  0. ]
ENZY7262,2,[0.  0.8 0.  0.2 0.  0. ]
ENZY4190,2,[0.  0.8 0.  0.  0.2 0. ]
ENZY8338,2,[0. 1. 0. 0. 0. 0.]
ENZY7523,2,[0. 1. 0. 0. 0. 0.]
ENZY5622,2,[0.4 0.6 0.  0.  0.  0. ]
ENZY6855,2,[0.4 0.6 0.  0.  0.  0. ]
ENZY7170,3,[0.2 0.  0.6 0.2 0.  0. ]
ENZY4210,2,[0.  0.8 0.  0.  0.2 0. ]
ENZY4048,2,[0. 1. 0. 0. 0. 0.]
ENZY3173,1,[0.6 0.  0.4 0.  0.  0. ]
ENZY2358,1,[1. 0. 0. 0. 0. 0.]
ENZY17878,5,[0.  0.2 0.  0.2 0.6 0. ]
ENZY13396,3,[0.  0.2 0.6 0.2 0.  0. ]
ENZY14899,3,[0. 0. 1. 0. 0. 0.]
ENZY20996,6,[0.  0.2 0.  0.  0.  0.8]
ENZY4098,2,[0. 1. 0. 0. 0. 0.]
ENZY1403,1,[1. 0. 0. 0. 0. 0.]
ENZY6688,2,[0. 1. 0. 0. 0. 0.]
ENZY6840,2,[0. 1. 0. 0. 0. 0.]
ENZY11932,3,[0.2 0.  0.8 0.  0.  0. ]
ENZY12596,6,[0.  0.  0.2 0.  0.2 0.6]
ENZY21423,6,[0.2 0.2 0.  0.  0.  0.6]
ENZY15498,3,[0.  0.2 0.4 0.2 0.2 0. ]
ENZY12383,3,[0.  0.  0.8 0.  0.  0.2]
ENZY12930,2,[0.  0.4 0.4 0.  0.2 0. ]
ENZY21500,6,[0.2 0.  0.2 0.  0.  0.6]
ENZY11847,2,[0.2 0.6 0.  0.  0.2 0. ]
ENZY3834,2,[0. 1. 0. 0. 0. 0.]
ENZY6705,2,[0.2 0.6 0.2 0.  0.  0. ]
ENZY3274,1,[0.6 0.  0.2 0.2 0.  0. ]
ENZY3713,2,[0.2 0.6 0.2 0.  0.  0. ]
ENZY15501,2,[0.  0.6 0.2 0.2 0.  0. ]
ENZY18842,1,[0.4 0.2 0.  0.2 0.  0.2]
ENZY18172,4,[0. 0. 0. 1. 0. 0.]
ENZY19014,4,[0.  0.  0.2 0.6 0.  0.2]
ENZY4470,2,[0. 1. 0. 0. 0. 0.]
ENZY3555,2,[0. 1. 0. 0. 0. 0.]
ENZY1803,1,[1. 0. 0. 0. 0. 0.]
ENZY5903,2,[0.  0.8 0.  0.  0.2 0. ]
ENZY2282,1,[0.6 0.2 0.2 0.  0.  0. ]
ENZY9853,2,[0.2 0.4 0.  0.  0.2 0.2]
ENZY2244,1,[0.6 0.  0.4 0.  0.  0. ]
ENZY4093,1,[0.4 0.  0.2 0.4 0.  0. ]
ENZY14669,3,[0.  0.2 0.6 0.2 0.  0. ]
ENZY16466,3,[0.2 0.  0.6 0.2 0.  0. ]
ENZY11778,2,[0.  0.4 0.4 0.2 0.  0. ]
ENZY20548,6,[0.  0.2 0.2 0.  0.  0.6]
ENZY11277,3,[0.  0.2 0.6 0.2 0.  0. ]
ENZY19605,5,[0. 0. 0. 0. 1. 0.]
ENZY14162,3,[0.2 0.  0.8 0.  0.  0. ]
ENZY19155,2,[0.  0.4 0.2 0.2 0.2 0. ]
ENZY5340,2,[0.2 0.6 0.2 0.  0.  0. ]
ENZY3483,2,[0. 1. 0. 0. 0. 0.]
ENZY3348,2,[0. 1. 0. 0. 0. 0.]
ENZY2162,2,[0.4 0.6 0.  0.  0.  0. ]
ENZY21021,6,[0.  0.  0.  0.  0.2 0.8]
ENZY11410,2,[0. 1. 0. 0. 0. 0.]
ENZY15046,3,[0. 0. 1. 0. 0. 0.]
ENZY14634,3,[0.  0.2 0.6 0.2 0.  0. ]
ENZY2727,1,[0.4 0.2 0.  0.2 0.  0.2]
ENZY1795,1,[1. 0. 0. 0. 0. 0.]
ENZY6279,2,[0. 1. 0. 0. 0. 0.]
ENZY9237,1,[0.4 0.2 0.  0.  0.2 0.2]
ENZY10207,2,[0.  0.8 0.  0.  0.  0.2]
ENZY21511,6,[0.2 0.2 0.  0.  0.2 0.4]
ENZY18419,2,[0.2 0.4 0.2 0.2 0.  0. ]
ENZY11930,3,[0. 0. 1. 0. 0. 0.]
ENZY11889,3,[0.  0.  0.6 0.4 0.  0. ]
ENZY19638,3,[0.2 0.  0.4 0.2 0.2 0. ]
ENZY16168,3,[0.  0.2 0.6 0.  0.2 0. ]
ENZY16683,3,[0.2 0.  0.8 0.  0.  0. ]
ENZY11852,2,[0.  0.6 0.2 0.  0.2 0. ]
ENZY10607,2,[0.  0.6 0.  0.2 0.2 0. ]
ENZY10743,2,[0.  0.8 0.2 0.  0.  0. ]
ENZY18253,4,[0.  0.2 0.2 0.6 0.  0. ]
ENZY12948,3,[0. 0. 1. 0. 0. 0.]
ENZY13695,3,[0.  0.  0.8 0.2 0.  0. ]
ENZY13345,3,[0.2 0.  0.8 0.  0.  0. ]
ENZY12883,3,[0. 0. 1. 0. 0. 0.]
ENZY4767,2,[0.2 0.8 0.  0.  0.  0. ]
ENZY3561,2,[0. 1. 0. 0. 0. 0.]
ENZY4550,2,[0.2 0.6 0.  0.  0.  0.2]
ENZY1218,1,[1. 0. 0. 0. 0. 0.]
ENZY4924,2,[0.  0.4 0.2 0.  0.4 0. ]
ENZY6628,1,[0.6 0.4 0.  0.  0.  0. ]
ENZY6945,2,[0.2 0.6 0.  0.2 0.  0. ]
ENZY5143,2,[0. 1. 0. 0. 0. 0.]
ENZY6831,5,[0.  0.2 0.  0.  0.8 0. ]
ENZY4139,2,[0.2 0.6 0.2 0.  0.  0. ]
ENZY3835,2,[0. 1. 0. 0. 0. 0.]
ENZY3657,2,[0. 1. 0. 0. 0. 0.]
ENZY538,1,[1. 0. 0. 0. 0. 0.]
ENZY419,1,[1. 0. 0. 0. 0. 0.]
ENZY760,2,[0.2 0.6 0.  0.2 0.  0. ]
ENZY790,1,[1. 0. 0. 0. 0. 0.]
ENZY18096,1,[0.4 0.2 0.  0.4 0.  0. ]
ENZY18413,1,[0.4 0.2 0.  0.2 0.  0.2]
ENZY18920,4,[0.  0.  0.2 0.4 0.2 0.2]
ENZY12853,2,[0.  0.4 0.4 0.  0.2 0. ]
ENZY8382,2,[0. 1. 0. 0. 0. 0.]
ENZY8098,3,[0.  0.4 0.6 0.  0.  0. ]
ENZY6678,2,[0.2 0.6 0.2 0.  0.  0. ]
ENZY1202,2,[0.2 0.4 0.2 0.  0.  0.2]
ENZY2515,1,[0.6 0.2 0.2 0.  0.  0. ]
ENZY2920,1,[0.4 0.4 0.2 0.  0.  0. ]
ENZY2258,1,[0.4 0.4 0.2 0.  0.  0. ]
ENZY9598,2,[0.  0.4 0.2 0.  0.4 0. ]
ENZY17471,3,[0. 0. 1. 0. 0. 0.]
ENZY15149,6,[0.  0.2 0.2 0.2 0.  0.4]
ENZY20203,3,[0.  0.  0.4 0.  0.4 0.2]
ENZY18270,4,[0.  0.2 0.  0.8 0.  0. ]
ENZY12543,1,[0.4 0.2 0.  0.2 0.  0.2]
ENZY20554,1,[0.4 0.2 0.  0.  0.2 0.2]
ENZY17239,3,[0.2 0.2 0.4 0.  0.  0.2]
ENZY11552,1,[0.4 0.4 0.  0.2 0.  0. ]
ENZY13583,3,[0.  0.2 0.6 0.2 0.  0. ]
ENZY14045,3,[0. 0. 1. 0. 0. 0.]
ENZY21460,6,[0.  0.  0.2 0.2 0.2 0.4]
ENZY16155,3,[0.2 0.2 0.6 0.  0.  0. ]
ENZY4730,2,[0.2 0.4 0.  0.2 0.  0.2]
ENZY2825,2,[0.4 0.6 0.  0.  0.  0. ]
ENZY5796,2,[0. 1. 0. 0. 0. 0.]
ENZY4457,3,[0.  0.4 0.6 0.  0.  0. ]
ENZY28,1,[1. 0. 0. 0. 0. 0.]
ENZY183,1,[1. 0. 0. 0. 0. 0.]
ENZY718,1,[0.4 0.4 0.2 0.  0.  0. ]
ENZY328,1,[1. 0. 0. 0. 0. 0.]
ENZY8024,2,[0.2 0.6 0.2 0.  0.  0. ]
ENZY2778,1,[1. 0. 0. 0. 0. 0.]
ENZY7768,2,[0. 1. 0. 0. 0. 0.]
ENZY8631,2,[0. 1. 0. 0. 0. 0.]
ENZY10261,6,[0.  0.4 0.  0.  0.  0.6]
ENZY19649,3,[0.2 0.  0.4 0.2 0.2 0. ]
ENZY10547,2,[0.  0.6 0.2 0.  0.2 0. ]
ENZY12812,3,[0.  0.4 0.6 0.  0.  0. ]
ENZY6560,2,[0.  0.8 0.2 0.  0.  0. ]
ENZY6511,2,[0. 1. 0. 0. 0. 0.]
ENZY3641,2,[0.  0.8 0.  0.  0.2 0. ]
ENZY7276,2,[0.  0.8 0.  0.2 0.  0. ]
ENZY18061,2,[0.  0.4 0.4 0.2 0.  0. ]
ENZY18916,4,[0.  0.  0.  0.4 0.2 0.4]
ENZY14714,3,[0. 0. 1. 0. 0. 0.]
ENZY15629,3,[0. 0. 1. 0. 0. 0.]
ENZY18709,3,[0.2 0.  0.4 0.2 0.  0.2]
ENZY11409,2,[0.  0.8 0.2 0.  0.  0. ]
ENZY11392,1,[0.6 0.4 0.  0.  0.  0. ]
ENZY21125,6,[0. 0. 0. 0. 0. 1.]
ENZY19818,5,[0.  0.2 0.  0.2 0.6 0. ]
ENZY11301,5,[0.  0.2 0.2 0.  0.4 0.2]
ENZY14933,3,[0.  0.2 0.6 0.2 0.  0. ]
ENZY15203,2,[0.2 0.4 0.2 0.  0.2 0. ]
ENZY4140,2,[0. 1. 0. 0. 0. 0.]
ENZY5724,2,[0.  0.4 0.2 0.2 0.2 0. ]
ENZY2097,2,[0.2 0.4 0.4 0.  0.  0. ]
ENZY9333,2,[0. 1. 0. 0. 0. 0.]
ENZY20565,6,[0.  0.2 0.  0.  0.  0.8]
ENZY10008,2,[0. 1. 0. 0. 0. 0.]
ENZY15479,3,[0. 0. 1. 0. 0. 0.]
ENZY12415,1,[0.4 0.4 0.2 0.  0.  0. ]
ENZY19270,4,[0.  0.4 0.  0.6 0.  0. ]
ENZY19823,2,[0.2 0.4 0.  0.2 0.2 0. ]
ENZY10613,2,[0.  0.6 0.  0.  0.2 0.2]
ENZY16127,3,[0.  0.  0.6 0.2 0.  0.2]
ENZY6298,2,[0.2 0.8 0.  0.  0.  0. ]
ENZY7003,2,[0.  0.8 0.2 0.  0.  0. ]
ENZY2728,1,[0.2 0.2 0.2 0.2 0.2 0. ]
ENZY3524,2,[0. 1. 0. 0. 0. 0.]
ENZY13701,3,[0.  0.  0.8 0.  0.2 0. ]
ENZY15845,1,[0.4 0.  0.2 0.4 0.  0. ]
ENZY15819,2,[0.2 0.4 0.2 0.  0.  0.2]
ENZY19636,3,[0.2 0.  0.4 0.2 0.2 0. ]
ENZY12407,2,[0.  0.4 0.2 0.  0.2 0.2]
ENZY16935,3,[0.  0.4 0.6 0.  0.  0. ]
ENZY13078,3,[0.  0.  0.8 0.2 0.  0. ]
ENZY17405,2,[0.2 0.6 0.  0.  0.  0.2]
ENZY21610,1,[0.6 0.  0.  0.  0.  0.4]
ENZY15023,2,[0.  0.4 0.4 0.  0.2 0. ]
ENZY15792,3,[0.  0.2 0.4 0.  0.2 0.2]
ENZY19804,5,[0.  0.2 0.  0.  0.8 0. ]
ENZY1465,3,[0.2 0.  0.8 0.  0.  0. ]
ENZY1587,1,[0.4 0.2 0.4 0.  0.  0. ]
ENZY1770,1,[0.8 0.  0.  0.  0.  0.2]
ENZY1903,1,[0.4 0.4 0.  0.  0.2 0. ]
ENZY15406,3,[0.2 0.  0.8 0.  0.  0. ]
ENZY13059,3,[0. 0. 1. 0. 0. 0.]
ENZY18684,1,[0.2 0.2 0.2 0.2 0.2 0. ]
ENZY12826,3,[0.  0.  0.6 0.4 0.  0. ]
ENZY20289,5,[0.2 0.2 0.  0.2 0.4 0. ]
ENZY18742,4,[0. 0. 0. 1. 0. 0.]
ENZY14562,2,[0.2 0.6 0.2 0.  0.  0. ]
ENZY15235,1,[0.4 0.2 0.2 0.  0.2 0. ]
ENZY2120,1,[0.4 0.  0.  0.4 0.2 0. ]
ENZY2104,1,[0.4 0.4 0.  0.2 0.  0. ]
ENZY6709,1,[0.4 0.  0.4 0.  0.2 0. ]
ENZY3465,2,[0. 1. 0. 0. 0. 0.]
ENZY16363,3,[0.2 0.  0.6 0.2 0.  0. ]
ENZY12691,3,[0.  0.4 0.6 0.  0.  0. ]
ENZY14188,3,[0. 0. 1. 0. 0. 0.]
ENZY15690,3,[0. 0. 1. 0. 0. 0.]
ENZY20210,2,[0.  0.4 0.2 0.  0.2 0.2]
ENZY15009,3,[0.  0.4 0.6 0.  0.  0. ]
ENZY18232,4,[0.  0.  0.  0.4 0.4 0.2]
ENZY12899,3,[0. 0. 1. 0. 0. 0.]
ENZY4839,2,[0.  0.4 0.4 0.2 0.  0. ]
ENZY7931,2,[0.4 0.6 0.  0.  0.  0. ]
ENZY6558,2,[0. 1. 0. 0. 0. 0.]
ENZY8029,5,[0.2 0.2 0.  0.  0.4 0.2]
ENZY10156,2,[0.4 0.6 0.  0.  0.  0. ]
ENZY11787,1,[0.2 0.2 0.2 0.2 0.2 0. ]
ENZY20068,1,[0.4 0.  0.2 0.  0.4 0. ]
ENZY19539,3,[0.  0.  0.4 0.2 0.4 0. ]
ENZY18279,1,[0.4 0.2 0.  0.2 0.2 0. ]
ENZY14679,1,[0.6 0.  0.4 0.  0.  0. ]
ENZY18804,4,[0.  0.  0.  0.8 0.2 0. ]
ENZY20604,6,[0.4 0.  0.  0.  0.  0.6]
ENZY3794,2,[0. 1. 0. 0. 0. 0.]
ENZY7330,2,[0.2 0.4 0.2 0.  0.2 0. ]
ENZY1841,1,[1. 0. 0. 0. 0. 0.]
ENZY6947,2,[0.2 0.4 0.  0.2 0.2 0. ]
ENZY5268,3,[0.  0.2 0.8 0.  0.  0. ]
ENZY1115,1,[1. 0. 0. 0. 0. 0.]
ENZY7547,2,[0. 1. 0. 0. 0. 0.]
ENZY1395,1,[0.6 0.4 0.  0.  0.  0. ]
ENZY12594,3,[0.2 0.  0.4 0.  0.2 0.2]
ENZY13228,6,[0.2 0.2 0.  0.  0.  0.6]
ENZY14861,2,[0.2 0.4 0.2 0.  0.2 0. ]
ENZY15242,2,[0.  0.6 0.4 0.  0.  0. ]
ENZY14942,6,[0.2 0.2 0.  0.  0.2 0.4]
ENZY13024,3,[0.  0.4 0.6 0.  0.  0. ]
ENZY14569,3,[0.2 0.  0.8 0.  0.  0. ]
ENZY19862,3,[0.2 0.2 0.4 0.  0.2 0. ]
ENZY115,1,[1. 0. 0. 0. 0. 0.]
ENZY586,1,[1. 0. 0. 0. 0. 0.]
ENZY106,1,[1. 0. 0. 0. 0. 0.]
ENZY304,1,[1. 0. 0. 0. 0. 0.]
ENZY12820,2,[0.2 0.4 0.2 0.2 0.  0. ]
ENZY15811,2,[0.  0.4 0.4 0.  0.2 0. ]
ENZY11744,1,[0.4 0.2 0.  0.2 0.2 0. ]
ENZY19989,6,[0.  0.2 0.  0.  0.2 0.6]
ENZY2783,1,[1. 0. 0. 0. 0. 0.]
ENZY1519,4,[0.2 0.  0.  0.4 0.  0.4]
ENZY5095,3,[0.  0.4 0.6 0.  0.  0. ]
ENZY3313,1,[0.8 0.  0.2 0.  0.  0. ]
ENZY5892,2,[0. 1. 0. 0. 0. 0.]
ENZY6978,2,[0. 1. 0. 0. 0. 0.]
ENZY6089,2,[0. 1. 0. 0. 0. 0.]
ENZY4527,2,[0.  0.8 0.  0.  0.  0.2]
ENZY13144,3,[0. 0. 1. 0. 0. 0.]
ENZY16002,3,[0. 0. 1. 0. 0. 0.]
ENZY11202,2,[0.  0.8 0.2 0.  0.  0. ]
ENZY12718,3,[0. 0. 1. 0. 0. 0.]
ENZY22142,3,[0.  0.2 0.4 0.  0.  0.4]
ENZY13921,3,[0.  0.2 0.8 0.  0.  0. ]
ENZY16932,3,[0.  0.2 0.8 0.  0.  0. ]
ENZY12535,3,[0.  0.4 0.6 0.  0.  0. ]
ENZY13119,3,[0. 0. 1. 0. 0. 0.]
ENZY15474,3,[0.2 0.2 0.6 0.  0.  0. ]
ENZY16776,3,[0.  0.2 0.4 0.4 0.  0. ]
ENZY18227,4,[0.4 0.  0.  0.6 0.  0. ]
ENZY6927,2,[0. 1. 0. 0. 0. 0.]
ENZY1845,1,[0.8 0.  0.  0.  0.  0.2]
ENZY9488,2,[0.  0.4 0.2 0.2 0.  0.2]
ENZY2697,2,[0.4 0.6 0.  0.  0.  0. ]
ENZY13077,3,[0.  0.  0.8 0.2 0.  0. ]
ENZY19750,2,[0.  0.8 0.  0.  0.2 0. ]
ENZY14036,3,[0. 0. 1. 0. 0. 0.]
ENZY15781,3,[0.  0.2 0.6 0.  0.2 0. ]
ENZY3909,5,[0.  0.2 0.2 0.  0.4 0.2]
ENZY7271,2,[0.  0.8 0.  0.2 0.  0. ]
ENZY5098,2,[0.2 0.8 0.  0.  0.  0. ]
ENZY5472,2,[0.2 0.6 0.2 0.  0.  0. ]
ENZY2290,1,[1. 0. 0. 0. 0. 0.]
ENZY9316,2,[0. 1. 0. 0. 0. 0.]
ENZY7834,1,[0.4 0.4 0.  0.  0.  0.2]
ENZY5871,2,[0. 1. 0. 0. 0. 0.]
ENZY18815,4,[0.  0.4 0.  0.6 0.  0. ]
ENZY15957,2,[0.2 0.6 0.2 0.  0.  0. ]
ENZY19179,2,[0.  0.4 0.2 0.2 0.2 0. ]
ENZY13927,2,[0.2 0.4 0.  0.2 0.  0.2]
ENZY14836,3,[0.2 0.  0.8 0.  0.  0. ]
ENZY20245,3,[0.2 0.  0.4 0.  0.4 0. ]
ENZY11710,2,[0.  0.8 0.2 0.  0.  0. ]
ENZY10041,2,[0. 1. 0. 0. 0. 0.]
ENZY6867,2,[0.  0.8 0.2 0.  0.  0. ]
ENZY2935,2,[0.  0.8 0.2 0.  0.  0. ]
ENZY2631,1,[0.8 0.2 0.  0.  0.  0. ]
ENZY1971,1,[0.4 0.4 0.  0.  0.2 0. ]
ENZY11050,2,[0.  0.4 0.4 0.2 0.  0. ]
ENZY19815,5,[0.  0.4 0.  0.  0.6 0. ]
ENZY18714,2,[0.  0.8 0.  0.2 0.  0. ]
ENZY16938,2,[0.  0.6 0.4 0.  0.  0. ]
ENZY20285,3,[0.2 0.  0.4 0.  0.4 0. ]
ENZY11784,2,[0.  0.6 0.2 0.  0.  0.2]
ENZY13860,3,[0. 0. 1. 0. 0. 0.]
ENZY14133,3,[0.2 0.  0.8 0.  0.  0. ]
ENZY4006,5,[0.2 0.2 0.  0.2 0.4 0. ]
ENZY6385,1,[0.6 0.2 0.  0.2 0.  0. ]
ENZY4519,2,[0. 1. 0. 0. 0. 0.]
ENZY5969,4,[0.  0.2 0.  0.4 0.  0.4]
ENZY171,1,[1. 0. 0. 0. 0. 0.]
ENZY682,1,[0.6 0.  0.4 0.  0.  0. ]
ENZY3117,1,[0.4 0.  0.  0.  0.4 0.2]
ENZY9764,2,[0.  0.6 0.  0.4 0.  0. ]
ENZY4471,2,[0. 1. 0. 0. 0. 0.]
ENZY4401,2,[0.  0.8 0.  0.  0.2 0. ]
ENZY5055,2,[0. 1. 0. 0. 0. 0.]
ENZY6465,2,[0.  0.8 0.  0.2 0.  0. ]
ENZY20794,6,[0.  0.  0.  0.2 0.  0.8]
ENZY17862,2,[0.  0.4 0.  0.4 0.2 0. ]
ENZY19265,1,[0.2 0.2 0.  0.2 0.2 0.2]
ENZY20762,2,[0.  0.4 0.  0.  0.2 0.4]
ENZY8529,2,[0. 1. 0. 0. 0. 0.]
ENZY3954,2,[0. 1. 0. 0. 0. 0.]
ENZY9575,2,[0.  0.8 0.  0.  0.2 0. ]
ENZY2640,1,[0.8 0.2 0.  0.  0.  0. ]
ENZY14125,3,[0.2 0.2 0.6 0.  0.  0. ]
ENZY20985,6,[0.  0.2 0.2 0.  0.  0.6]
ENZY20184,1,[0.6 0.2 0.2 0.  0.  0. ]
ENZY11605,2,[0.  0.4 0.2 0.2 0.  0.2]
ENZY3300,2,[0.2 0.6 0.2 0.  0.  0. ]
ENZY4236,1,[0.4 0.4 0.2 0.  0.  0. ]
ENZY6317,2,[0.4 0.6 0.  0.  0.  0. ]
ENZY2744,2,[0.2 0.6 0.2 0.  0.  0. ]
ENZY15801,3,[0.  0.2 0.8 0.  0.  0. ]
ENZY11504,2,[0.2 0.8 0.  0.  0.  0. ]
ENZY10205,6,[0.  0.4 0.  0.  0.  0.6]
ENZY14213,3,[0. 0. 1. 0. 0. 0.]
ENZY18140,2,[0.  0.6 0.  0.4 0.  0. ]
ENZY18780,3,[0.  0.2 0.8 0.  0.  0. ]
ENZY11308,2,[0.  0.8 0.  0.2 0.  0. ]
ENZY14058,3,[0. 0. 1. 0. 0. 0.]
ENZY150,1,[0.4 0.4 0.  0.2 0.  0. ]
ENZY597,2,[0.4 0.6 0.  0.  0.  0. ]
ENZY611,1,[0.8 0.  0.  0.  0.  0.2]
ENZY145,1,[0.8 0.  0.  0.  0.  0.2]
ENZY6250,2,[0.  0.8 0.  0.  0.2 0. ]
ENZY2996,1,[1. 0. 0. 0. 0. 0.]
ENZY6053,2,[0.  0.4 0.  0.4 0.2 0. ]
ENZY2291,1,[0.8 0.2 0.  0.  0.  0. ]
ENZY9878,2,[0.  0.4 0.2 0.  0.2 0.2]
ENZY3484,2,[0. 1. 0. 0. 0. 0.]
ENZY6371,2,[0.4 0.6 0.  0.  0.  0. ]
ENZY6290,1,[0.6 0.4 0.  0.  0.  0. ]
ENZY15692,3,[0. 0. 1. 0. 0. 0.]
ENZY20989,3,[0.  0.2 0.4 0.2 0.  0.2]
ENZY20299,3,[0.2 0.2 0.4 0.  0.2 0. ]
ENZY21724,2,[0.  0.4 0.  0.  0.4 0.2]
ENZY866,1,[1. 0. 0. 0. 0. 0.]
ENZY966,1,[0.6 0.2 0.  0.  0.2 0. ]
ENZY959,1,[0.6 0.  0.2 0.  0.  0.2]
ENZY601,1,[0.6 0.  0.4 0.  0.  0. ]
ENZY2867,1,[0.6 0.4 0.  0.  0.  0. ]
ENZY1843,1,[0.8 0.  0.  0.  0.  0.2]
ENZY1917,1,[0.6 0.2 0.  0.  0.2 0. ]
ENZY4565,3,[0.  0.2 0.4 0.2 0.2 0. ]
ENZY4089,2,[0.2 0.4 0.2 0.  0.  0.2]
ENZY7835,2,[0.2 0.4 0.4 0.  0.  0. ]
ENZY4232,2,[0.  0.4 0.4 0.  0.  0.2]
ENZY1059,1,[1. 0. 0. 0. 0. 0.]
ENZY11688,6,[0.2 0.2 0.  0.  0.  0.6]
ENZY19899,2,[0.  0.6 0.  0.  0.4 0. ]
ENZY13619,3,[0.2 0.  0.8 0.  0.  0. ]
ENZY17448,3,[0. 0. 1. 0. 0. 0.]
ENZY8982,2,[0. 1. 0. 0. 0. 0.]
ENZY6598,2,[0.  0.8 0.2 0.  0.  0. ]
ENZY1060,1,[0.4 0.2 0.2 0.  0.  0.2]
ENZY4518,2,[0. 1. 0. 0. 0. 0.]
ENZY17863,5,[0.2 0.  0.  0.2 0.6 0. ]
ENZY10560,2,[0.2 0.4 0.4 0.  0.  0. ]
ENZY16842,5,[0.  0.  0.4 0.  0.6 0. ]
ENZY11855,2,[0.  0.6 0.2 0.  0.2 0. ]
ENZY15538,1,[0.4 0.  0.4 0.2 0.  0. ]
ENZY10899,2,[0.  0.4 0.2 0.2 0.2 0. ]
ENZY14774,3,[0. 0. 1. 0. 0. 0.]
ENZY11683,2,[0.  0.4 0.2 0.  0.2 0.2]
ENZY11528,4,[0.  0.2 0.2 0.4 0.2 0. ]
ENZY15225,3,[0.2 0.2 0.6 0.  0.  0. ]
ENZY21652,6,[0. 0. 0. 0. 0. 1.]
ENZY18789,3,[0.  0.2 0.6 0.2 0.  0. ]
ENZY4609,2,[0.2 0.6 0.  0.2 0.  0. ]
ENZY7078,4,[0.2 0.2 0.  0.4 0.2 0. ]
ENZY6135,2,[0. 1. 0. 0. 0. 0.]
ENZY6886,3,[0.2 0.2 0.4 0.  0.2 0. ]
ENZY9824,2,[0.2 0.6 0.  0.  0.  0.2]
ENZY6662,2,[0. 1. 0. 0. 0. 0.]
ENZY8175,1,[0.4 0.4 0.  0.  0.2 0. ]
ENZY3307,2,[0.2 0.6 0.  0.  0.2 0. ]
ENZY18519,1,[0.6 0.2 0.  0.  0.2 0. ]
ENZY19825,5,[0.  0.4 0.  0.  0.6 0. ]
ENZY16794,3,[0.  0.  0.4 0.4 0.  0.2]
ENZY13724,3,[0. 0. 1. 0. 0. 0.]
ENZY15589,2,[0.2 0.4 0.4 0.  0.  0. ]
ENZY13116,3,[0.  0.  0.8 0.2 0.  0. ]
ENZY11636,2,[0.  0.8 0.  0.  0.  0.2]
ENZY19375,1,[0.4 0.2 0.  0.2 0.2 0. ]
ENZY19393,3,[0.2 0.  0.6 0.  0.  0.2]
ENZY10993,2,[0.  0.6 0.  0.  0.2 0.2]
ENZY16655,2,[0.  0.6 0.4 0.  0.  0. ]
ENZY21077,3,[0.  0.  0.4 0.2 0.  0.4]
ENZY8656,2,[0. 1. 0. 0. 0. 0.]
ENZY9871,5,[0.  0.2 0.2 0.  0.4 0.2]
ENZY7450,2,[0.  0.6 0.  0.  0.2 0.2]
ENZY2567,1,[1. 0. 0. 0. 0. 0.]
ENZY11490,2,[0.  0.8 0.2 0.  0.  0. ]
ENZY13616,3,[0.2 0.  0.8 0.  0.  0. ]
ENZY14194,3,[0. 0. 1. 0. 0. 0.]
ENZY20544,2,[0.  0.4 0.2 0.  0.  0.4]
ENZY7717,2,[0. 1. 0. 0. 0. 0.]
ENZY7822,2,[0.  0.8 0.  0.  0.  0.2]
ENZY7809,2,[0.  0.8 0.  0.2 0.  0. ]
ENZY5367,2,[0. 1. 0. 0. 0. 0.]
ENZY5546,2,[0. 1. 0. 0. 0. 0.]
ENZY1363,2,[0.  0.4 0.4 0.  0.  0.2]
ENZY3489,2,[0. 1. 0. 0. 0. 0.]
ENZY7408,5,[0.2 0.2 0.  0.  0.4 0.2]
ENZY3097,1,[0.8 0.  0.  0.  0.  0.2]
ENZY9611,2,[0. 1. 0. 0. 0. 0.]
ENZY1500,2,[0.2 0.4 0.2 0.  0.2 0. ]
ENZY13879,3,[0.2 0.  0.6 0.2 0.  0. ]
ENZY10293,2,[0.2 0.8 0.  0.  0.  0. ]
ENZY15263,2,[0.2 0.6 0.2 0.  0.  0. ]
ENZY20027,5,[0.2 0.  0.  0.2 0.6 0. ]
ENZY13917,3,[0. 0. 1. 0. 0. 0.]
ENZY19060,3,[0.2 0.  0.4 0.4 0.  0. ]
ENZY11012,2,[0.  0.6 0.  0.2 0.  0.2]
ENZY18011,2,[0.  0.8 0.  0.2 0.  0. ]
ENZY12098,3,[0.2 0.  0.8 0.  0.  0. ]
ENZY8094,2,[0.2 0.4 0.2 0.  0.  0.2]
ENZY7027,3,[0.  0.4 0.6 0.  0.  0. ]
ENZY2712,1,[1. 0. 0. 0. 0. 0.]
ENZY5295,2,[0.  0.8 0.2 0.  0.  0. ]
ENZY10015,2,[0.2 0.4 0.2 0.  0.2 0. ]
ENZY13659,2,[0.  0.4 0.4 0.2 0.  0. ]
ENZY17450,3,[0.  0.  0.8 0.  0.  0.2]
ENZY19337,5,[0.2 0.2 0.  0.2 0.4 0. ]
ENZY655,1,[0.8 0.  0.2 0.  0.  0. ]
ENZY5519,2,[0. 1. 0. 0. 0. 0.]
ENZY6676,2,[0.2 0.4 0.2 0.  0.2 0. ]
ENZY8160,2,[0. 1. 0. 0. 0. 0.]
ENZY16400,1,[0.2 0.2 0.2 0.2 0.  0.2]
ENZY13334,3,[0.  0.2 0.6 0.2 0.  0. ]
ENZY16687,2,[0.2 0.4 0.4 0.  0.  0. ]
ENZY18928,3,[0.  0.  0.8 0.2 0.  0. ]
ENZY16440,2,[0.2 0.4 0.4 0.  0.  0. ]
ENZY16653,5,[0.2 0.2 0.  0.2 0.4 0. ]
ENZY16948,3,[0. 0. 1. 0. 0. 0.]
ENZY11645,6,[0.  0.2 0.  0.  0.  0.8]
ENZY18006,3,[0.  0.2 0.4 0.4 0.  0. ]
ENZY11880,3,[0.  0.  0.6 0.4 0.  0. ]
ENZY16169,5,[0.  0.2 0.2 0.  0.4 0.2]
ENZY13261,1,[0.4 0.2 0.4 0.  0.  0. ]
ENZY7712,2,[0. 1. 0. 0. 0. 0.]
ENZY6851,2,[0.  0.6 0.2 0.  0.2 0. ]
ENZY1881,1,[0.4 0.4 0.  0.  0.2 0. ]
ENZY9896,2,[0.  0.4 0.  0.  0.4 0.2]
ENZY18990,2,[0.2 0.4 0.2 0.2 0.  0. ]
ENZY15926,3,[0.  0.2 0.6 0.  0.2 0. ]
ENZY10223,6,[0.  0.4 0.  0.  0.  0.6]
ENZY11807,2,[0.2 0.6 0.2 0.  0.  0. ]
ENZY3239,1,[0.4 0.4 0.2 0.  0.  0. ]
ENZY1942,1,[0.8 0.2 0.  0.  0.  0. ]
ENZY9404,2,[0. 1. 0. 0. 0. 0.]
ENZY7950,2,[0.4 0.6 0.  0.  0.  0. ]
ENZY9693,2,[0. 1. 0. 0. 0. 0.]
ENZY4620,2,[0.  0.6 0.2 0.  0.  0.2]
ENZY5082,2,[0. 1. 0. 0. 0. 0.]
ENZY6304,1,[0.4 0.4 0.2 0.  0.  0. ]
ENZY14823,3,[0.2 0.  0.4 0.  0.2 0.2]
ENZY15604,3,[0.  0.2 0.8 0.  0.  0. ]
ENZY18707,4,[0.2 0.  0.  0.6 0.2 0. ]
ENZY16945,3,[0.  0.4 0.6 0.  0.  0. ]
ENZY13157,3,[0. 0. 1. 0. 0. 0.]
ENZY13719,3,[0.  0.  0.8 0.2 0.  0. ]
ENZY20024,5,[0.2 0.  0.  0.2 0.6 0. ]
ENZY15443,3,[0.  0.2 0.6 0.  0.  0.2]
ENZY5127,2,[0. 1. 0. 0. 0. 0.]
ENZY4638,2,[0.  0.6 0.  0.  0.4 0. ]
ENZY3589,2,[0. 1. 0. 0. 0. 0.]
ENZY5280,1,[0.4 0.  0.4 0.  0.  0.2]
ENZY7426,2,[0.  0.6 0.2 0.2 0.  0. ]
ENZY1180,1,[1. 0. 0. 0. 0. 0.]
ENZY4296,3,[0.2 0.2 0.6 0.  0.  0. ]
ENZY7066,2,[0.2 0.4 0.  0.  0.2 0.2]
ENZY20589,6,[0.  0.2 0.  0.  0.2 0.6]
ENZY11893,3,[0. 0. 1. 0. 0. 0.]
ENZY18634,3,[0.  0.2 0.4 0.  0.  0.4]
ENZY10250,2,[0.  0.4 0.  0.4 0.  0.2]
ENZY19806,5,[0.  0.2 0.  0.2 0.6 0. ]
ENZY18566,4,[0.  0.  0.  0.8 0.2 0. ]
ENZY13050,3,[0. 0. 1. 0. 0. 0.]
ENZY13646,3,[0. 0. 1. 0. 0. 0.]
ENZY15074,3,[0.2 0.2 0.4 0.2 0.  0. ]
ENZY16523,3,[0.2 0.  0.8 0.  0.  0. ]
ENZY12574,3,[0.  0.2 0.4 0.  0.  0.4]
ENZY21233,4,[0.  0.2 0.  0.4 0.2 0.2]
ENZY11368,2,[0.2 0.4 0.4 0.  0.  0. ]
ENZY13653,2,[0.  0.4 0.4 0.2 0.  0. ]
ENZY15245,2,[0.2 0.6 0.2 0.  0.  0. ]
ENZY18362,4,[0.2 0.2 0.2 0.4 0.  0. ]
ENZY2497,1,[0.6 0.2 0.2 0.  0.  0. ]
ENZY8171,2,[0. 1. 0. 0. 0. 0.]
ENZY3478,2,[0. 1. 0. 0. 0. 0.]
ENZY7043,4,[0.2 0.  0.  0.8 0.  0. ]
ENZY8272,2,[0. 1. 0. 0. 0. 0.]
ENZY8514,2,[0. 1. 0. 0. 0. 0.]
ENZY3426,1,[0.2 0.2 0.2 0.  0.2 0.2]
ENZY1504,1,[0.4 0.2 0.  0.4 0.  0. ]
ENZY1565,1,[1. 0. 0. 0. 0. 0.]
ENZY8650,2,[0. 1. 0. 0. 0. 0.]
ENZY7816,2,[0.2 0.4 0.  0.  0.2 0.2]
ENZY4121,2,[0. 1. 0. 0. 0. 0.]
ENZY20381,1,[0.2 0.2 0.2 0.  0.2 0.2]
ENZY21685,3,[0.  0.2 0.6 0.  0.  0.2]
ENZY19377,2,[0.2 0.6 0.  0.  0.2 0. ]
ENZY21757,2,[0.  0.6 0.  0.  0.  0.4]
ENZY917,2,[0.2 0.8 0.  0.  0.  0. ]
ENZY127,1,[0.4 0.2 0.  0.  0.4 0. ]
ENZY539,1,[1. 0. 0. 0. 0. 0.]
ENZY320,1,[0.8 0.  0.2 0.  0.  0. ]
ENZY20312,6,[0.2 0.2 0.  0.  0.2 0.4]
ENZY18654,1,[0.4 0.2 0.2 0.2 0.  0. ]
ENZY20684,6,[0. 0. 0. 0. 0. 1.]
ENZY12089,3,[0. 0. 1. 0. 0. 0.]
ENZY12471,3,[0.  0.2 0.6 0.2 0.  0. ]
ENZY11022,2,[0.  0.4 0.4 0.  0.2 0. ]
ENZY19497,1,[0.6 0.4 0.  0.  0.  0. ]
ENZY10438,2,[0.  0.4 0.2 0.  0.  0.4]
ENZY20767,6,[0.  0.  0.  0.  0.2 0.8]
ENZY21657,6,[0. 0. 0. 0. 0. 1.]
ENZY17212,2,[0.  0.6 0.2 0.  0.2 0. ]
ENZY15379,2,[0.  0.4 0.4 0.  0.  0.2]
ENZY21371,6,[0.2 0.  0.2 0.  0.  0.6]
ENZY22157,3,[0.  0.2 0.6 0.  0.  0.2]
ENZY15112,3,[0.  0.  0.8 0.  0.2 0. ]
ENZY16419,1,[0.6 0.  0.4 0.  0.  0. ]
ENZY981,6,[0.2 0.  0.2 0.2 0.  0.4]
ENZY151,1,[0.4 0.2 0.2 0.  0.2 0. ]
ENZY843,2,[0.2 0.4 0.  0.  0.  0.4]
ENZY411,1,[1. 0. 0. 0. 0. 0.]
ENZY8328,2,[0. 1. 0. 0. 0. 0.]
ENZY2183,2,[0.2 0.4 0.4 0.  0.  0. ]
ENZY5900,2,[0. 1. 0. 0. 0. 0.]
ENZY6838,2,[0. 1. 0. 0. 0. 0.]
ENZY12500,3,[0. 0. 1. 0. 0. 0.]
ENZY10244,6,[0.  0.2 0.2 0.  0.  0.6]
ENZY21537,5,[0.2 0.2 0.2 0.  0.4 0. ]
ENZY18882,2,[0.  0.4 0.2 0.2 0.2 0. ]
ENZY9889,6,[0.  0.2 0.2 0.2 0.  0.4]
ENZY2377,1,[1. 0. 0. 0. 0. 0.]
ENZY5959,2,[0. 1. 0. 0. 0. 0.]
ENZY4582,6,[0.  0.2 0.2 0.  0.2 0.4]
ENZY4414,2,[0.4 0.6 0.  0.  0.  0. ]
ENZY2177,1,[0.4 0.2 0.  0.2 0.2 0. ]
ENZY2361,1,[0.4 0.  0.2 0.  0.  0.4]
ENZY7789,2,[0. 1. 0. 0. 0. 0.]
ENZY19078,4,[0. 0. 0. 1. 0. 0.]
ENZY19486,1,[0.2 0.2 0.  0.2 0.2 0.2]
ENZY20310,5,[0.  0.2 0.2 0.  0.4 0.2]
ENZY18811,1,[0.4 0.2 0.  0.2 0.  0.2]
ENZY21425,5,[0.  0.  0.2 0.2 0.4 0.2]
ENZY17882,2,[0.  0.6 0.  0.4 0.  0. ]
ENZY11098,6,[0.  0.4 0.  0.  0.  0.6]
ENZY10518,2,[0.2 0.4 0.  0.  0.  0.4]
ENZY17767,3,[0.2 0.  0.8 0.  0.  0. ]
ENZY17504,3,[0. 0. 1. 0. 0. 0.]
ENZY14063,3,[0.4 0.  0.6 0.  0.  0. ]
ENZY14046,3,[0. 0. 1. 0. 0. 0.]
ENZY13609,3,[0. 0. 1. 0. 0. 0.]
ENZY16397,5,[0.  0.2 0.2 0.  0.4 0.2]
ENZY10933,2,[0. 1. 0. 0. 0. 0.]
ENZY10127,2,[0.  0.4 0.4 0.  0.  0.2]
ENZY4128,2,[0. 1. 0. 0. 0. 0.]
ENZY3719,2,[0. 1. 0. 0. 0. 0.]
ENZY3247,1,[0.4 0.2 0.4 0.  0.  0. ]
ENZY4783,3,[0.  0.4 0.6 0.  0.  0. ]
ENZY420,2,[0.4 0.6 0.  0.  0.  0. ]
ENZY179,1,[1. 0. 0. 0. 0. 0.]
ENZY477,1,[0.6 0.2 0.  0.  0.  0.2]
ENZY308,1,[0.6 0.  0.2 0.  0.2 0. ]
ENZY19351,2,[0.  0.4 0.  0.  0.4 0.2]
ENZY11176,2,[0.  0.6 0.2 0.  0.2 0. ]
ENZY14639,3,[0.  0.2 0.8 0.  0.  0. ]
ENZY11882,3,[0.  0.  0.6 0.4 0.  0. ]
ENZY10342,2,[0. 1. 0. 0. 0. 0.]
ENZY15574,2,[0.  0.6 0.4 0.  0.  0. ]
ENZY11493,2,[0.  0.6 0.4 0.  0.  0. ]
ENZY20273,1,[0.4 0.4 0.  0.  0.2 0. ]
ENZY4145,2,[0. 1. 0. 0. 0. 0.]
ENZY7989,2,[0.  0.6 0.4 0.  0.  0. ]
ENZY1248,1,[0.4 0.4 0.2 0.  0.  0. ]
ENZY1220,1,[1. 0. 0. 0. 0. 0.]
ENZY173,1,[1. 0. 0. 0. 0. 0.]
ENZY397,1,[0.8 0.  0.  0.  0.  0.2]
ENZY180,1,[1. 0. 0. 0. 0. 0.]
ENZY692,1,[0.8 0.2 0.  0.  0.  0. ]
ENZY2137,1,[0.6 0.4 0.  0.  0.  0. ]
ENZY9942,2,[0. 1. 0. 0. 0. 0.]
ENZY1430,1,[0.8 0.  0.  0.2 0.  0. ]
ENZY1650,1,[0.4 0.2 0.  0.4 0.  0. ]
ENZY4069,2,[0. 1. 0. 0. 0. 0.]
ENZY2819,1,[1. 0. 0. 0. 0. 0.]
ENZY9995,2,[0. 1. 0. 0. 0. 0.]
ENZY4887,2,[0. 1. 0. 0. 0. 0.]
ENZY18570,4,[0.  0.2 0.  0.6 0.2 0. ]
ENZY11631,2,[0.  0.8 0.  0.  0.  0.2]
ENZY15969,3,[0.  0.2 0.6 0.  0.2 0. ]
ENZY10783,2,[0.  0.6 0.  0.  0.2 0.2]
ENZY5574,2,[0.  0.4 0.2 0.  0.  0.4]
ENZY1559,2,[0.2 0.8 0.  0.  0.  0. ]
ENZY7806,2,[0.  0.8 0.2 0.  0.  0. ]
ENZY7756,2,[0. 1. 0. 0. 0. 0.]
ENZY1691,1,[0.6 0.  0.  0.  0.  0.4]
ENZY3702,2,[0.2 0.6 0.2 0.  0.  0. ]
ENZY7861,2,[0. 1. 0. 0. 0. 0.]
ENZY6680,2,[0. 1. 0. 0. 0. 0.]
ENZY4853,2,[0. 1. 0. 0. 0. 0.]
ENZY7226,2,[0. 1. 0. 0. 0. 0.]
ENZY7769,2,[0.  0.8 0.  0.  0.  0.2]
ENZY3696,5,[0.  0.2 0.  0.2 0.4 0.2]
ENZY7272,2,[0.  0.8 0.  0.2 0.  0. ]
ENZY6860,2,[0.2 0.4 0.2 0.  0.2 0. ]
ENZY7571,2,[0.  0.8 0.  0.2 0.  0. ]
ENZY5650,2,[0.2 0.6 0.2 0.  0.  0. ]
ENZY8690,2,[0. 1. 0. 0. 0. 0.]
ENZY9570,2,[0.  0.6 0.  0.2 0.2 0. ]
ENZY9400,2,[0. 1. 0. 0. 0. 0.]
ENZY3375,3,[0.  0.4 0.6 0.  0.  0. ]
ENZY3044,3,[0.4 0.  0.6 0.  0.  0. ]
ENZY6070,2,[0. 1. 0. 0. 0. 0.]
ENZY8139,2,[0. 1. 0. 0. 0. 0.]
ENZY18800,4,[0.  0.4 0.  0.6 0.  0. ]
ENZY12852,1,[0.2 0.2 0.2 0.2 0.  0.2]
ENZY16097,2,[0.  0.4 0.4 0.  0.  0.2]
ENZY18361,2,[0.  0.2 0.2 0.2 0.2 0.2]
ENZY5009,2,[0.2 0.6 0.  0.  0.2 0. ]
ENZY7563,2,[0.2 0.8 0.  0.  0.  0. ]
ENZY4910,2,[0.4 0.6 0.  0.  0.  0. ]
ENZY2523,1,[0.4 0.2 0.4 0.  0.  0. ]
ENZY21814,2,[0.  0.6 0.  0.  0.  0.4]
ENZY20525,6,[0. 0. 0. 0. 0. 1.]
ENZY16600,2,[0.2 0.4 0.4 0.  0.  0. ]
ENZY15334,3,[0.  0.2 0.8 0.  0.  0. ]
ENZY3614,2,[0. 1. 0. 0. 0. 0.]
ENZY1443,1,[0.6 0.  0.  0.4 0.  0. ]
ENZY2006,3,[0.2 0.2 0.4 0.  0.2 0. ]
ENZY6155,3,[0.  0.2 0.8 0.  0.  0. ]
ENZY7001,2,[0.  0.6 0.4 0.  0.  0. ]
ENZY6970,2,[0. 1. 0. 0. 0. 0.]
ENZY6325,3,[0.  0.  0.4 0.2 0.2 0.2]
ENZY3547,2,[0. 1. 0. 0. 0. 0.]
ENZY19463,1,[0.6 0.  0.  0.  0.4 0. ]
ENZY13374,3,[0.  0.2 0.6 0.2 0.  0. ]
ENZY19723,3,[0.  0.2 0.4 0.  0.  0.4]
ENZY18951,1,[0.4 0.2 0.  0.4 0.  0. ]
ENZY12824,3,[0.  0.2 0.4 0.  0.  0.4]
ENZY10967,2,[0.2 0.4 0.2 0.  0.  0.2]
ENZY19389,1,[0.4 0.2 0.2 0.  0.2 0. ]
ENZY18880,1,[0.4 0.2 0.2 0.  0.  0.2]
ENZY7235,2,[0.  0.8 0.  0.2 0.  0. ]
ENZY3872,2,[0.  0.8 0.  0.  0.2 0. ]
ENZY7316,2,[0.2 0.8 0.  0.  0.  0. ]
ENZY7858,2,[0. 1. 0. 0. 0. 0.]
ENZY6807,2,[0.  0.6 0.  0.  0.4 0. ]
ENZY7907,2,[0.2 0.8 0.  0.  0.  0. ]
ENZY6460,2,[0.  0.6 0.  0.4 0.  0. ]
ENZY4546,2,[0.2 0.8 0.  0.  0.  0. ]
ENZY9785,1,[0.4 0.4 0.  0.2 0.  0. ]
ENZY5486,2,[0.  0.6 0.  0.  0.4 0. ]
ENZY2680,2,[0.4 0.6 0.  0.  0.  0. ]
ENZY3323,3,[0.2 0.  0.8 0.  0.  0. ]
ENZY10020,2,[0.2 0.8 0.  0.  0.  0. ]
ENZY13122,3,[0. 0. 1. 0. 0. 0.]
ENZY14778,3,[0.  0.  0.6 0.2 0.  0.2]
ENZY11713,2,[0.  0.6 0.2 0.  0.  0.2]
ENZY7345,2,[0. 1. 0. 0. 0. 0.]
ENZY3959,3,[0.  0.2 0.6 0.  0.2 0. ]
ENZY6603,2,[0. 1. 0. 0. 0. 0.]
ENZY6331,2,[0.2 0.6 0.2 0.  0.  0. ]
ENZY11461,2,[0.  0.8 0.2 0.  0.  0. ]
ENZY17865,5,[0.2 0.2 0.  0.  0.6 0. ]
ENZY12520,3,[0.  0.  0.8 0.  0.2 0. ]
ENZY17765,3,[0.  0.2 0.6 0.2 0.  0. ]
ENZY19461,1,[0.4 0.  0.2 0.2 0.  0.2]
ENZY16704,3,[0.  0.  0.8 0.2 0.  0. ]
ENZY17773,3,[0.2 0.  0.8 0.  0.  0. ]
ENZY11281,2,[0.  0.6 0.4 0.  0.  0. ]
ENZY14320,1,[0.6 0.  0.4 0.  0.  0. ]
ENZY19833,5,[0.  0.  0.  0.4 0.6 0. ]
ENZY21317,1,[0.4 0.  0.2 0.  0.  0.4]
ENZY18813,4,[0.  0.  0.4 0.6 0.  0. ]
ENZY21408,2,[0.  0.8 0.  0.  0.  0.2]
ENZY17401,1,[0.2 0.2 0.2 0.  0.2 0.2]
ENZY19069,4,[0.  0.  0.2 0.8 0.  0. ]
ENZY19173,3,[0.  0.  0.6 0.2 0.  0.2]
ENZY13485,3,[0. 0. 1. 0. 0. 0.]
ENZY21543,6,[0.2 0.  0.  0.  0.  0.8]
ENZY21971,2,[0.  0.6 0.  0.  0.2 0.2]
ENZY12360,2,[0.2 0.6 0.2 0.  0.  0. ]
ENZY16978,2,[0.  0.4 0.4 0.  0.  0.2]
ENZY11647,2,[0.  0.8 0.  0.  0.  0.2]
ENZY12144,3,[0.  0.2 0.8 0.  0.  0. ]
ENZY20090,2,[0.  0.6 0.  0.  0.2 0.2]
ENZY16812,3,[0.  0.2 0.4 0.2 0.2 0. ]
ENZY19619,5,[0. 0. 0. 0. 1. 0.]
ENZY19299,4,[0.  0.  0.2 0.8 0.  0. ]
ENZY15439,3,[0.2 0.2 0.6 0.  0.  0. ]
ENZY13020,3,[0.  0.2 0.4 0.  0.2 0.2]
ENZY12352,3,[0.  0.2 0.6 0.2 0.  0. ]
ENZY20377,1,[0.6 0.4 0.  0.  0.  0. ]
ENZY21622,6,[0.  0.2 0.2 0.  0.  0.6]
ENZY6692,2,[0. 1. 0. 0. 0. 0.]
ENZY8629,2,[0. 1. 0. 0. 0. 0.]
ENZY3412,2,[0. 1. 0. 0. 0. 0.]
ENZY9497,2,[0. 1. 0. 0. 0. 0.]
ENZY2102,1,[0.8 0.  0.  0.  0.  0.2]
ENZY4443,2,[0. 1. 0. 0. 0. 0.]
ENZY7731,2,[0. 1. 0. 0. 0. 0.]
ENZY3743,2,[0. 1. 0. 0. 0. 0.]
ENZY10048,2,[0. 1. 0. 0. 0. 0.]
ENZY16341,3,[0.  0.2 0.8 0.  0.  0. ]
ENZY16180,2,[0.  0.4 0.4 0.2 0.  0. ]
ENZY18525,3,[0.2 0.2 0.4 0.  0.2 0. ]
ENZY12483,3,[0.  0.4 0.6 0.  0.  0. ]
ENZY11347,2,[0.  0.8 0.  0.2 0.  0. ]
ENZY13631,3,[0.  0.2 0.8 0.  0.  0. ]
ENZY11763,2,[0.  0.8 0.2 0.  0.  0. ]
ENZY5536,2,[0.2 0.8 0.  0.  0.  0. ]
ENZY1883,1,[1. 0. 0. 0. 0. 0.]
ENZY6900,2,[0.2 0.8 0.  0.  0.  0. ]
ENZY4022,2,[0.  0.6 0.2 0.  0.  0.2]
ENZY17189,3,[0. 0. 1. 0. 0. 0.]
ENZY12804,1,[0.4 0.  0.4 0.  0.  0.2]
ENZY16035,1,[0.4 0.4 0.2 0.  0.  0. ]
ENZY21581,1,[0.6 0.  0.  0.  0.  0.4]
ENZY13117,3,[0.  0.  0.8 0.  0.2 0. ]
ENZY14645,3,[0.  0.2 0.4 0.4 0.  0. ]
ENZY21551,6,[0.4 0.  0.  0.  0.  0.6]
ENZY14089,3,[0.  0.4 0.6 0.  0.  0. ]
ENZY17690,3,[0. 0. 1. 0. 0. 0.]
ENZY11838,3,[0.2 0.2 0.4 0.  0.  0.2]
ENZY20352,2,[0.  0.4 0.2 0.2 0.2 0. ]
ENZY16814,2,[0.  0.4 0.2 0.2 0.2 0. ]
ENZY19433,2,[0.  0.6 0.  0.  0.4 0. ]
ENZY16196,3,[0. 0. 1. 0. 0. 0.]
ENZY16078,3,[0.  0.2 0.4 0.  0.  0.4]
ENZY20264,2,[0.  0.4 0.  0.2 0.4 0. ]
ENZY2956,1,[1. 0. 0. 0. 0. 0.]
ENZY1912,1,[0.2 0.2 0.2 0.  0.2 0.2]
ENZY1486,1,[0.8 0.  0.  0.  0.  0.2]
ENZY1458,1,[0.4 0.2 0.2 0.2 0.  0. ]
ENZY12568,3,[0.  0.2 0.8 0.  0.  0. ]
ENZY15984,1,[0.8 0.  0.2 0.  0.  0. ]
ENZY16506,2,[0.2 0.6 0.2 0.  0.  0. ]
ENZY12080,3,[0.  0.2 0.8 0.  0.  0. ]
ENZY18071,1,[0.2 0.2 0.  0.2 0.2 0.2]
ENZY14269,3,[0.  0.2 0.6 0.  0.  0.2]
ENZY14852,3,[0.4 0.  0.6 0.  0.  0. ]
ENZY21754,2,[0.  0.4 0.2 0.  0.  0.4]
ENZY3,1,[1. 0. 0. 0. 0. 0.]
ENZY7,1,[1. 0. 0. 0. 0. 0.]
ENZY49,1,[1. 0. 0. 0. 0. 0.]
ENZY27,1,[0.8 0.  0.2 0.  0.  0. ]
ENZY7961,2,[0.2 0.4 0.2 0.  0.  0.2]
ENZY1886,2,[0.2 0.4 0.  0.  0.  0.4]
ENZY5200,2,[0.2 0.6 0.  0.  0.  0.2]
ENZY6835,2,[0.  0.6 0.  0.  0.4 0. ]
ENZY16707,3,[0. 0. 1. 0. 0. 0.]
ENZY20946,6,[0.  0.2 0.  0.  0.  0.8]
ENZY13236,2,[0.2 0.6 0.2 0.  0.  0. ]
ENZY20172,3,[0.  0.  0.4 0.  0.2 0.4]
ENZY3376,2,[0. 1. 0. 0. 0. 0.]
ENZY7802,2,[0.  0.6 0.4 0.  0.  0. ]
ENZY1946,2,[0.2 0.4 0.  0.4 0.  0. ]
ENZY7372,2,[0.  0.6 0.2 0.  0.  0.2]
ENZY4606,2,[0.2 0.4 0.2 0.  0.  0.2]
ENZY7278,2,[0.  0.8 0.  0.2 0.  0. ]
ENZY6674,2,[0. 1. 0. 0. 0. 0.]
ENZY2936,2,[0.4 0.6 0.  0.  0.  0. ]
ENZY18081,2,[0.2 0.4 0.  0.  0.2 0.2]
ENZY11241,2,[0.  0.6 0.2 0.  0.2 0. ]
ENZY20117,1,[0.2 0.2 0.2 0.  0.2 0.2]
ENZY12674,1,[0.2 0.2 0.2 0.  0.2 0.2]
ENZY9434,2,[0. 1. 0. 0. 0. 0.]
ENZY2945,1,[0.6 0.4 0.  0.  0.  0. ]
ENZY1929,3,[0.4 0.  0.6 0.  0.  0. ]
ENZY4427,2,[0.  0.8 0.  0.2 0.  0. ]
ENZY10386,2,[0.  0.8 0.2 0.  0.  0. ]
ENZY12185,2,[0.2 0.4 0.2 0.  0.2 0. ]
ENZY20240,1,[0.4 0.4 0.  0.  0.2 0. ]
ENZY11567,2,[0.  0.4 0.4 0.2 0.  0. ]
ENZY17873,1,[0.4 0.  0.4 0.2 0.  0. ]
ENZY20995,6,[0.  0.2 0.  0.  0.  0.8]
ENZY18382,4,[0.  0.  0.  0.8 0.2 0. ]
ENZY16064,3,[0.  0.  0.6 0.4 0.  0. ]
ENZY5514,2,[0. 1. 0. 0. 0. 0.]
ENZY7930,2,[0.2 0.6 0.2 0.  0.  0. ]
ENZY9408,2,[0. 1. 0. 0. 0. 0.]
ENZY9918,2,[0. 1. 0. 0. 0. 0.]
ENZY14564,4,[0.  0.  0.2 0.6 0.2 0. ]
ENZY19571,5,[0. 0. 0. 0. 1. 0.]
ENZY19411,5,[0.  0.2 0.  0.2 0.6 0. ]
ENZY21834,6,[0.  0.2 0.  0.  0.2 0.6]
ENZY11959,3,[0.  0.2 0.6 0.  0.  0.2]
ENZY13382,2,[0.  0.6 0.4 0.  0.  0. ]
ENZY19828,5,[0.  0.2 0.  0.2 0.6 0. ]
ENZY19957,1,[0.2 0.2 0.  0.2 0.2 0.2]
ENZY11040,2,[0.  0.4 0.4 0.  0.  0.2]
ENZY18013,2,[0.  0.4 0.  0.4 0.  0.2]
ENZY12976,3,[0.  0.2 0.6 0.2 0.  0. ]
ENZY15099,1,[0.4 0.2 0.4 0.  0.  0. ]
ENZY20760,6,[0. 0. 0. 0. 0. 1.]
ENZY16034,3,[0.4 0.  0.6 0.  0.  0. ]
ENZY12378,3,[0.  0.2 0.6 0.  0.  0.2]
ENZY10121,1,[1. 0. 0. 0. 0. 0.]
ENZY457,1,[0.8 0.  0.  0.  0.  0.2]
ENZY787,1,[0.4 0.2 0.4 0.  0.  0. ]
ENZY203,1,[0.8 0.  0.  0.  0.2 0. ]
ENZY286,1,[0.8 0.  0.  0.2 0.  0. ]
ENZY21370,6,[0.  0.2 0.2 0.  0.  0.6]
ENZY12321,3,[0.2 0.  0.6 0.  0.  0.2]
ENZY12010,3,[0.2 0.  0.8 0.  0.  0. ]
ENZY19020,2,[0.  0.8 0.2 0.  0.  0. ]
ENZY18563,4,[0.2 0.  0.  0.8 0.  0. ]
ENZY20784,6,[0.2 0.  0.  0.  0.  0.8]
ENZY12253,3,[0. 0. 1. 0. 0. 0.]
ENZY10042,2,[0. 1. 0. 0. 0. 0.]
ENZY19860,1,[0.4 0.2 0.  0.4 0.  0. ]
ENZY15882,2,[0.2 0.4 0.4 0.  0.  0. ]
ENZY11474,2,[0.  0.4 0.2 0.4 0.  0. ]
ENZY19485,1,[0.8 0.  0.  0.  0.2 0. ]
ENZY6954,2,[0.2 0.8 0.  0.  0.  0. ]
ENZY2861,2,[0.2 0.6 0.  0.  0.2 0. ]
ENZY8370,2,[0. 1. 0. 0. 0. 0.]
ENZY4979,1,[0.4 0.4 0.2 0.  0.  0. ]
ENZY13363,3,[0. 0. 1. 0. 0. 0.]
ENZY20102,3,[0.2 0.2 0.4 0.2 0.  0. ]
ENZY14601,3,[0. 0. 1. 0. 0. 0.]
ENZY11421,2,[0. 1. 0. 0. 0. 0.]
ENZY1603,2,[0.2 0.4 0.  0.2 0.2 0. ]
ENZY18164,4,[0.  0.2 0.  0.4 0.4 0. ]
ENZY17530,3,[0. 0. 1. 0. 0. 0.]
ENZY16224,3,[0. 0. 1. 0. 0. 0.]
ENZY1185,1,[1. 0. 0. 0. 0. 0.]
ENZY5590,3,[0.  0.2 0.8 0.  0.  0. ]
ENZY1474,1,[0.4 0.2 0.2 0.  0.  0.2]
ENZY2799,1,[0.6 0.  0.2 0.  0.  0.2]
ENZY16835,2,[0.  0.8 0.2 0.  0.  0. ]
ENZY18359,3,[0.2 0.  0.4 0.4 0.  0. ]
ENZY12214,3,[0.4 0.  0.6 0.  0.  0. ]
ENZY16875,1,[0.4 0.4 0.2 0.  0.  0. ]
ENZY3995,2,[0.  0.4 0.2 0.2 0.  0.2]
ENZY7185,2,[0.2 0.6 0.2 0.  0.  0. ]
ENZY3287,2,[0.2 0.6 0.2 0.  0.  0. ]
ENZY3263,1,[0.8 0.  0.2 0.  0.  0. ]
ENZY1516,3,[0.4 0.  0.6 0.  0.  0. ]
ENZY5661,2,[0.2 0.6 0.2 0.  0.  0. ]
ENZY2950,1,[0.8 0.2 0.  0.  0.  0. ]
ENZY9874,1,[0.4 0.4 0.2 0.  0.  0. ]
ENZY7556,2,[0.  0.6 0.4 0.  0.  0. ]
ENZY9217,2,[0. 1. 0. 0. 0. 0.]
ENZY7484,2,[0.2 0.6 0.  0.  0.2 0. ]
ENZY4613,2,[0.2 0.4 0.  0.  0.2 0.2]
ENZY6601,2,[0. 1. 0. 0. 0. 0.]
ENZY9362,2,[0. 1. 0. 0. 0. 0.]
ENZY6827,5,[0.  0.2 0.  0.2 0.6 0. ]
ENZY3086,1,[1. 0. 0. 0. 0. 0.]
ENZY17397,3,[0. 0. 1. 0. 0. 0.]
ENZY20516,6,[0. 0. 0. 0. 0. 1.]
ENZY19816,5,[0.  0.2 0.  0.2 0.6 0. ]
ENZY13031,2,[0.  0.6 0.4 0.  0.  0. ]
ENZY14791,3,[0.2 0.2 0.4 0.2 0.  0. ]
ENZY21301,6,[0.2 0.2 0.  0.2 0.  0.4]
ENZY13561,3,[0.  0.4 0.6 0.  0.  0. ]
ENZY16898,6,[0.  0.2 0.2 0.  0.  0.6]
ENZY13726,3,[0.2 0.  0.8 0.  0.  0. ]
ENZY13836,2,[0.2 0.4 0.4 0.  0.  0. ]
ENZY15708,1,[0.8 0.  0.2 0.  0.  0. ]
ENZY15916,3,[0.  0.2 0.4 0.4 0.  0. ]
ENZY18308,5,[0.2 0.2 0.  0.2 0.4 0. ]
ENZY16141,3,[0. 0. 1. 0. 0. 0.]
ENZY14568,3,[0.2 0.  0.8 0.  0.  0. ]
ENZY20385,2,[0.2 0.4 0.2 0.  0.2 0. ]
ENZY5864,2,[0. 1. 0. 0. 0. 0.]
ENZY5090,2,[0.2 0.8 0.  0.  0.  0. ]
ENZY7008,2,[0. 1. 0. 0. 0. 0.]
ENZY7546,2,[0. 1. 0. 0. 0. 0.]
ENZY8903,2,[0. 1. 0. 0. 0. 0.]
ENZY6689,2,[0. 1. 0. 0. 0. 0.]
ENZY6283,2,[0. 1. 0. 0. 0. 0.]
ENZY3480,2,[0. 1. 0. 0. 0. 0.]
ENZY9226,2,[0.2 0.8 0.  0.  0.  0. ]
ENZY7759,2,[0. 1. 0. 0. 0. 0.]
ENZY4486,2,[0. 1. 0. 0. 0. 0.]
ENZY7197,2,[0. 1. 0. 0. 0. 0.]
ENZY13776,2,[0.  0.6 0.4 0.  0.  0. ]
ENZY14798,2,[0.  0.4 0.4 0.  0.2 0. ]
ENZY14799,3,[0.  0.4 0.6 0.  0.  0. ]
ENZY19298,2,[0.2 0.6 0.  0.2 0.  0. ]
ENZY18173,4,[0.  0.2 0.  0.6 0.2 0. ]
ENZY16541,3,[0.2 0.  0.8 0.  0.  0. ]
ENZY16054,2,[0.2 0.4 0.4 0.  0.  0. ]
ENZY19185,2,[0.  0.6 0.  0.4 0.  0. ]
ENZY20112,3,[0.  0.2 0.6 0.  0.2 0. ]
ENZY11794,1,[0.4 0.4 0.  0.  0.  0.2]
ENZY19277,2,[0.  0.8 0.  0.  0.2 0. ]
ENZY14788,3,[0.2 0.2 0.4 0.2 0.  0. ]
ENZY481,1,[1. 0. 0. 0. 0. 0.]
ENZY857,1,[0.8 0.2 0.  0.  0.  0. ]
ENZY531,1,[0.8 0.  0.  0.  0.  0.2]
ENZY3521,2,[0. 1. 0. 0. 0. 0.]
ENZY19402,2,[0.2 0.4 0.2 0.  0.2 0. ]
ENZY14919,6,[0.2 0.2 0.  0.  0.2 0.4]
ENZY10946,2,[0.2 0.4 0.2 0.  0.2 0. ]
ENZY15914,3,[0.2 0.  0.6 0.  0.  0.2]
ENZY10067,2,[0. 1. 0. 0. 0. 0.]
ENZY19910,5,[0.  0.4 0.  0.  0.6 0. ]
ENZY21680,1,[0.2 0.2 0.2 0.2 0.  0.2]
ENZY15935,3,[0. 0. 1. 0. 0. 0.]
ENZY16807,2,[0.  0.6 0.4 0.  0.  0. ]
ENZY18754,3,[0.  0.  0.6 0.4 0.  0. ]
ENZY10579,2,[0.  0.6 0.  0.2 0.2 0. ]
ENZY12059,3,[0.  0.2 0.8 0.  0.  0. ]
ENZY20528,6,[0. 0. 0. 0. 0. 1.]
ENZY21337,2,[0.2 0.4 0.2 0.  0.  0.2]
ENZY19692,5,[0. 0. 0. 0. 1. 0.]
ENZY21499,6,[0.  0.2 0.2 0.  0.2 0.4]
ENZY7300,2,[0.2 0.4 0.2 0.2 0.  0. ]
ENZY7094,2,[0. 1. 0. 0. 0. 0.]
ENZY9418,2,[0. 1. 0. 0. 0. 0.]
ENZY4309,2,[0.  0.8 0.2 0.  0.  0. ]
ENZY19532,5,[0.  0.2 0.2 0.2 0.4 0. ]
ENZY17305,2,[0.  0.4 0.  0.  0.4 0.2]
ENZY16148,3,[0.2 0.2 0.6 0.  0.  0. ]
ENZY19339,2,[0.  0.4 0.2 0.  0.4 0. ]
ENZY20181,4,[0.  0.2 0.2 0.4 0.  0.2]
ENZY15003,3,[0.  0.4 0.6 0.  0.  0. ]
ENZY19867,2,[0.  0.8 0.  0.  0.2 0. ]
ENZY20839,6,[0. 0. 0. 0. 0. 1.]
ENZY3143,1,[1. 0. 0. 0. 0. 0.]
ENZY3694,2,[0.  0.6 0.  0.  0.2 0.2]
ENZY4215,2,[0. 1. 0. 0. 0. 0.]
ENZY4726,2,[0.2 0.8 0.  0.  0.  0. ]
ENZY1396,1,[1. 0. 0. 0. 0. 0.]
ENZY1960,1,[0.4 0.2 0.  0.  0.2 0.2]
ENZY2688,1,[1. 0. 0. 0. 0. 0.]
ENZY1921,1,[0.8 0.  0.  0.  0.  0.2]
ENZY22167,2,[0.  0.4 0.4 0.  0.  0.2]
ENZY18001,2,[0.  0.6 0.  0.2 0.2 0. ]
ENZY13709,2,[0.2 0.6 0.  0.  0.  0.2]
ENZY18512,3,[0.2 0.  0.6 0.2 0.  0. ]
ENZY614,1,[1. 0. 0. 0. 0. 0.]
ENZY337,1,[1. 0. 0. 0. 0. 0.]
ENZY728,1,[0.4 0.2 0.4 0.  0.  0. ]
ENZY824,1,[0.2 0.2 0.2 0.2 0.2 0. ]
ENZY942,1,[0.8 0.  0.  0.2 0.  0. ]
ENZY572,2,[0.4 0.6 0.  0.  0.  0. ]
ENZY345,1,[1. 0. 0. 0. 0. 0.]
ENZY184,1,[0.8 0.  0.  0.  0.  0.2]
ENZY18457,2,[0.2 0.6 0.  0.2 0.  0. ]
ENZY10596,2,[0.  0.8 0.2 0.  0.  0. ]
ENZY11016,2,[0.  0.6 0.4 0.  0.  0. ]
ENZY12436,2,[0.  0.6 0.  0.  0.  0.4]
ENZY1449,3,[0.4 0.  0.6 0.  0.  0. ]
ENZY6826,2,[0.  0.6 0.  0.  0.4 0. ]
ENZY5414,2,[0.  0.8 0.2 0.  0.  0. ]
ENZY2280,1,[0.6 0.  0.  0.  0.2 0.2]
ENZY7281,4,[0.  0.2 0.  0.4 0.4 0. ]
ENZY8637,2,[0. 1. 0. 0. 0. 0.]
ENZY7127,2,[0. 1. 0. 0. 0. 0.]
ENZY8993,2,[0. 1. 0. 0. 0. 0.]
ENZY14604,3,[0. 0. 1. 0. 0. 0.]
ENZY21748,6,[0.  0.2 0.  0.  0.  0.8]
ENZY18660,4,[0.2 0.2 0.2 0.4 0.  0. ]
ENZY11947,3,[0.  0.  0.6 0.  0.4 0. ]
ENZY21379,6,[0.  0.  0.2 0.  0.2 0.6]
ENZY21011,6,[0. 0. 0. 0. 0. 1.]
ENZY11725,2,[0.  0.8 0.2 0.  0.  0. ]
ENZY15202,3,[0.2 0.2 0.6 0.  0.  0. ]
ENZY12123,3,[0.  0.4 0.6 0.  0.  0. ]
ENZY20835,6,[0.  0.2 0.  0.  0.  0.8]
ENZY14388,3,[0.  0.  0.8 0.  0.  0.2]
ENZY18311,4,[0.  0.2 0.  0.8 0.  0. ]
ENZY16399,3,[0.2 0.  0.6 0.2 0.  0. ]
ENZY20539,3,[0.4 0.  0.6 0.  0.  0. ]
ENZY11922,3,[0. 0. 1. 0. 0. 0.]
ENZY15014,3,[0.  0.2 0.8 0.  0.  0. ]
ENZY2933,1,[1. 0. 0. 0. 0. 0.]
ENZY3528,2,[0. 1. 0. 0. 0. 0.]
ENZY2918,1,[0.6 0.4 0.  0.  0.  0. ]
ENZY4917,2,[0.  0.6 0.2 0.  0.2 0. ]
ENZY19744,2,[0.  0.6 0.  0.  0.4 0. ]
ENZY16549,3,[0.2 0.2 0.6 0.  0.  0. ]
ENZY17086,3,[0.  0.2 0.6 0.  0.  0.2]
ENZY13270,3,[0. 0. 1. 0. 0. 0.]
ENZY22099,2,[0.  0.4 0.  0.4 0.  0.2]
ENZY11472,2,[0.2 0.6 0.  0.  0.2 0. ]
ENZY12521,3,[0. 0. 1. 0. 0. 0.]
ENZY20797,3,[0.  0.  0.4 0.  0.2 0.4]
ENZY19030,3,[0.2 0.  0.8 0.  0.  0. ]
ENZY18097,4,[0.2 0.2 0.2 0.4 0.  0. ]
ENZY15250,2,[0.  0.8 0.2 0.  0.  0. ]
ENZY14902,3,[0.  0.2 0.8 0.  0.  0. ]
ENZY17496,3,[0. 0. 1. 0. 0. 0.]
ENZY21835,2,[0.  0.6 0.2 0.  0.  0.2]
ENZY16592,4,[0.2 0.2 0.2 0.4 0.  0. ]
ENZY16452,2,[0.  0.4 0.4 0.  0.  0.2]
ENZY18944,1,[0.8 0.  0.  0.2 0.  0. ]
ENZY16207,3,[0.  0.2 0.8 0.  0.  0. ]
ENZY20724,6,[0. 0. 0. 0. 0. 1.]
ENZY10566,1,[0.4 0.2 0.  0.  0.2 0.2]
ENZY14027,3,[0.2 0.  0.8 0.  0.  0. ]
ENZY19427,3,[0.  0.  0.6 0.2 0.2 0. ]
ENZY21522,2,[0.  0.4 0.  0.  0.2 0.4]
ENZY10478,3,[0.2 0.  0.6 0.2 0.  0. ]
ENZY12573,3,[0.2 0.  0.6 0.  0.2 0. ]
ENZY14080,3,[0.2 0.2 0.6 0.  0.  0. ]
ENZY20337,5,[0.  0.  0.2 0.2 0.4 0.2]
ENZY15369,3,[0. 0. 1. 0. 0. 0.]
ENZY16456,3,[0.  0.2 0.4 0.2 0.  0.2]
ENZY19474,1,[0.4 0.2 0.  0.  0.  0.4]
ENZY12881,3,[0.  0.2 0.4 0.2 0.  0.2]
ENZY16377,2,[0.  0.4 0.4 0.2 0.  0. ]
ENZY12026,1,[0.6 0.2 0.  0.2 0.  0. ]
ENZY15554,2,[0.  0.6 0.4 0.  0.  0. ]
ENZY16459,3,[0.2 0.  0.8 0.  0.  0. ]
ENZY10626,3,[0.2 0.2 0.4 0.  0.  0.2]
ENZY17005,3,[0. 0. 1. 0. 0. 0.]
ENZY11946,3,[0. 0. 1. 0. 0. 0.]
ENZY20077,3,[0.  0.2 0.4 0.2 0.2 0. ]
ENZY14782,2,[0.  0.2 0.2 0.2 0.2 0.2]
ENZY15642,3,[0.2 0.  0.8 0.  0.  0. ]
ENZY14293,3,[0.2 0.2 0.6 0.  0.  0. ]
ENZY13106,3,[0.  0.4 0.6 0.  0.  0. ]
ENZY18496,4,[0.2 0.2 0.2 0.4 0.  0. ]
ENZY12228,3,[0.  0.  0.6 0.4 0.  0. ]
ENZY20265,5,[0.  0.2 0.  0.2 0.4 0.2]
ENZY21852,2,[0.2 0.4 0.  0.  0.  0.4]
ENZY20343,2,[0.  0.6 0.2 0.  0.2 0. ]
ENZY15950,1,[0.4 0.2 0.4 0.  0.  0. ]
ENZY22072,6,[0.  0.2 0.  0.  0.2 0.6]
ENZY19016,2,[0.  0.4 0.2 0.2 0.2 0. ]
ENZY12699,2,[0.  0.4 0.4 0.2 0.  0. ]
ENZY14895,2,[0.2 0.4 0.2 0.  0.2 0. ]
ENZY20232,5,[0.  0.4 0.  0.  0.6 0. ]
ENZY20332,2,[0.  0.8 0.  0.  0.2 0. ]
ENZY15365,3,[0. 0. 1. 0. 0. 0.]
ENZY17957,3,[0.  0.  0.6 0.4 0.  0. ]
ENZY15644,3,[0. 0. 1. 0. 0. 0.]
ENZY15806,3,[0.2 0.2 0.4 0.  0.  0.2]
ENZY20719,6,[0. 0. 0. 0. 0. 1.]
ENZY6210,2,[0.  0.8 0.  0.  0.2 0. ]
ENZY8194,2,[0.  0.8 0.  0.  0.  0.2]
ENZY7067,2,[0. 1. 0. 0. 0. 0.]
ENZY2273,2,[0.2 0.6 0.  0.2 0.  0. ]
ENZY1556,1,[1. 0. 0. 0. 0. 0.]
ENZY3213,3,[0.2 0.2 0.4 0.2 0.  0. ]
ENZY2170,1,[0.4 0.4 0.  0.  0.  0.2]
ENZY3895,2,[0. 1. 0. 0. 0. 0.]
ENZY11,1,[0.8 0.  0.  0.  0.2 0. ]
ENZY14,1,[0.4 0.  0.2 0.  0.4 0. ]
ENZY68,1,[1. 0. 0. 0. 0. 0.]
ENZY16,1,[0.6 0.2 0.2 0.  0.  0. ]
ENZY16140,3,[0.  0.2 0.8 0.  0.  0. ]
ENZY19667,2,[0.  0.4 0.2 0.2 0.  0.2]
ENZY12055,3,[0. 0. 1. 0. 0. 0.]
ENZY13538,3,[0. 0. 1. 0. 0. 0.]
ENZY7705,2,[0. 1. 0. 0. 0. 0.]
ENZY3697,2,[0.2 0.4 0.  0.  0.2 0.2]
ENZY4829,2,[0.  0.8 0.  0.  0.  0.2]
ENZY4186,2,[0.  0.8 0.  0.  0.2 0. ]
ENZY4147,2,[0. 1. 0. 0. 0. 0.]
ENZY4896,2,[0.2 0.4 0.2 0.  0.2 0. ]
ENZY1924,1,[1. 0. 0. 0. 0. 0.]
ENZY5996,2,[0.  0.8 0.2 0.  0.  0. ]
ENZY133,1,[1. 0. 0. 0. 0. 0.]
ENZY699,2,[0.  0.6 0.4 0.  0.  0. ]
ENZY987,1,[0.4 0.2 0.2 0.  0.  0.2]
ENZY903,1,[0.6 0.  0.  0.4 0.  0. ]
ENZY16124,3,[0.  0.  0.8 0.2 0.  0. ]
ENZY19502,1,[0.2 0.2 0.2 0.  0.2 0.2]
ENZY14012,3,[0. 0. 1. 0. 0. 0.]
ENZY10058,2,[0. 1. 0. 0. 0. 0.]
ENZY17864,4,[0.  0.4 0.  0.6 0.  0. ]
ENZY22145,2,[0.  0.4 0.2 0.  0.  0.4]
ENZY13210,3,[0. 0. 1. 0. 0. 0.]
ENZY12622,3,[0.2 0.  0.4 0.  0.  0.4]
ENZY15967,1,[0.4 0.2 0.2 0.  0.2 0. ]
ENZY13604,3,[0. 0. 1. 0. 0. 0.]
ENZY20984,6,[0. 0. 0. 0. 0. 1.]
ENZY20302,5,[0.  0.2 0.2 0.  0.4 0.2]
ENZY8025,2,[0.  0.8 0.  0.2 0.  0. ]
ENZY4537,2,[0.  0.4 0.4 0.2 0.  0. ]
ENZY3716,2,[0.  0.6 0.2 0.  0.  0.2]
ENZY8853,2,[0. 1. 0. 0. 0. 0.]
ENZY11983,3,[0.  0.  0.6 0.  0.2 0.2]
ENZY17976,2,[0.2 0.4 0.2 0.  0.  0.2]
ENZY13347,3,[0. 0. 1. 0. 0. 0.]
ENZY15432,3,[0.2 0.2 0.4 0.2 0.  0. ]
ENZY1889,1,[0.6 0.2 0.  0.  0.2 0. ]
ENZY1530,1,[0.6 0.2 0.2 0.  0.  0. ]
ENZY9573,2,[0.  0.6 0.  0.  0.2 0.2]
ENZY1835,1,[1. 0. 0. 0. 0. 0.]
ENZY12741,3,[0. 0. 1. 0. 0. 0.]
ENZY16711,3,[0.  0.  0.8 0.2 0.  0. ]
ENZY12885,3,[0.  0.  0.6 0.  0.2 0.2]
ENZY19963,1,[0.4 0.4 0.  0.2 0.  0. ]
ENZY16740,2,[0. 1. 0. 0. 0. 0.]
ENZY15843,2,[0.  0.4 0.2 0.  0.2 0.2]
ENZY19445,5,[0.  0.4 0.  0.  0.6 0. ]
ENZY12314,3,[0.  0.  0.6 0.2 0.2 0. ]
ENZY8801,2,[0. 1. 0. 0. 0. 0.]
ENZY1783,1,[0.8 0.2 0.  0.  0.  0. ]
ENZY4294,2,[0.2 0.6 0.2 0.  0.  0. ]
ENZY2911,1,[1. 0. 0. 0. 0. 0.]
ENZY19125,1,[0.4 0.  0.  0.2 0.2 0.2]
ENZY18183,4,[0.  0.2 0.  0.8 0.  0. ]
ENZY16710,3,[0.2 0.2 0.6 0.  0.  0. ]
ENZY21877,1,[0.4 0.2 0.2 0.  0.  0.2]
ENZY5085,2,[0. 1. 0. 0. 0. 0.]
ENZY9447,2,[0. 1. 0. 0. 0. 0.]
ENZY4877,2,[0.  0.8 0.2 0.  0.  0. ]
ENZY6741,2,[0. 1. 0. 0. 0. 0.]
ENZY3291,1,[0.4 0.4 0.2 0.  0.  0. ]
ENZY9090,2,[0. 1. 0. 0. 0. 0.]
ENZY4531,2,[0.  0.8 0.2 0.  0.  0. ]
ENZY5198,1,[0.4 0.2 0.4 0.  0.  0. ]
ENZY9259,2,[0. 1. 0. 0. 0. 0.]
ENZY1541,2,[0.  0.4 0.4 0.  0.  0.2]
ENZY4181,2,[0.  0.8 0.  0.  0.2 0. ]
ENZY2521,5,[0.2 0.2 0.2 0.  0.4 0. ]
ENZY8415,2,[0. 1. 0. 0. 0. 0.]
ENZY9017,2,[0.  0.4 0.  0.  0.2 0.4]
ENZY1885,1,[0.6 0.2 0.  0.  0.  0.2]
ENZY16200,3,[0.2 0.  0.6 0.  0.2 0. ]
ENZY16424,2,[0.2 0.4 0.4 0.  0.  0. ]
ENZY15444,2,[0.2 0.4 0.4 0.  0.  0. ]
ENZY17433,3,[0. 0. 1. 0. 0. 0.]
ENZY16289,1,[0.2 0.2 0.2 0.2 0.2 0. ]
ENZY14215,3,[0. 0. 1. 0. 0. 0.]
ENZY10521,6,[0.2 0.2 0.  0.  0.2 0.4]
ENZY13602,3,[0. 0. 1. 0. 0. 0.]
ENZY21711,6,[0.  0.2 0.  0.  0.  0.8]
ENZY20309,2,[0.  0.4 0.  0.  0.4 0.2]
ENZY21893,2,[0.  0.6 0.2 0.  0.  0.2]
ENZY16736,2,[0.  0.4 0.4 0.  0.  0.2]
ENZY14762,3,[0.2 0.  0.6 0.2 0.  0. ]
ENZY15855,2,[0.  0.4 0.2 0.  0.  0.4]
ENZY15712,1,[0.8 0.  0.2 0.  0.  0. ]
ENZY11198,2,[0.2 0.4 0.  0.4 0.  0. ]
ENZY11783,1,[0.6 0.2 0.  0.2 0.  0. ]
ENZY20347,2,[0.2 0.4 0.  0.2 0.2 0. ]
ENZY12832,3,[0.  0.2 0.4 0.2 0.  0.2]
ENZY20942,6,[0.2 0.2 0.  0.  0.2 0.4]
ENZY20804,6,[0. 0. 0. 0. 0. 1.]
ENZY21544,1,[0.4 0.4 0.  0.  0.  0.2]
ENZY12450,3,[0.  0.4 0.6 0.  0.  0. ]
ENZY20889,2,[0.  0.4 0.  0.  0.2 0.4]
ENZY2817,1,[0.4 0.2 0.4 0.  0.  0. ]
ENZY8324,2,[0. 1. 0. 0. 0. 0.]
ENZY1688,1,[1. 0. 0. 0. 0. 0.]
ENZY6815,4,[0.  0.2 0.2 0.4 0.2 0. ]
ENZY7106,3,[0.  0.2 0.4 0.  0.4 0. ]
ENZY6075,2,[0.2 0.6 0.2 0.  0.  0. ]
ENZY5358,2,[0. 1. 0. 0. 0. 0.]
ENZY1687,1,[0.4 0.4 0.2 0.  0.  0. ]
ENZY17992,4,[0.  0.2 0.  0.4 0.4 0. ]
ENZY13329,2,[0.  0.4 0.4 0.2 0.  0. ]
ENZY20696,6,[0. 0. 0. 0. 0. 1.]
ENZY16833,3,[0.  0.2 0.6 0.  0.2 0. ]
ENZY6535,2,[0.  0.6 0.2 0.  0.2 0. ]
ENZY5191,2,[0.  0.6 0.  0.  0.4 0. ]
ENZY7548,2,[0.  0.8 0.  0.  0.2 0. ]
ENZY7645,2,[0.  0.8 0.  0.2 0.  0. ]
ENZY14128,3,[0.2 0.  0.6 0.  0.  0.2]
ENZY21472,6,[0.  0.  0.  0.2 0.2 0.6]
ENZY13299,3,[0.  0.4 0.6 0.  0.  0. ]
ENZY18390,4,[0.2 0.  0.  0.8 0.  0. ]
ENZY6335,1,[0.4 0.2 0.2 0.2 0.  0. ]
ENZY3626,2,[0. 1. 0. 0. 0. 0.]
ENZY6929,2,[0.2 0.6 0.  0.  0.  0.2]
ENZY5478,2,[0.2 0.8 0.  0.  0.  0. ]
ENZY8000,2,[0. 1. 0. 0. 0. 0.]
ENZY6804,2,[0.  0.8 0.  0.  0.2 0. ]
ENZY2222,1,[0.8 0.2 0.  0.  0.  0. ]
ENZY9287,2,[0. 1. 0. 0. 0. 0.]
ENZY1869,1,[0.8 0.  0.  0.  0.  0.2]
ENZY8896,2,[0. 1. 0. 0. 0. 0.]
ENZY3155,1,[0.4 0.2 0.2 0.2 0.  0. ]
ENZY7621,2,[0.  0.8 0.2 0.  0.  0. ]
ENZY6032,2,[0.  0.8 0.  0.  0.2 0. ]
ENZY5042,1,[0.6 0.4 0.  0.  0.  0. ]
ENZY3416,2,[0.2 0.4 0.4 0.  0.  0. ]
ENZY6763,4,[0.  0.2 0.  0.4 0.4 0. ]
ENZY1939,1,[1. 0. 0. 0. 0. 0.]
ENZY7710,2,[0. 1. 0. 0. 0. 0.]
ENZY7790,2,[0.  0.8 0.  0.  0.  0.2]
ENZY17194,3,[0.2 0.  0.8 0.  0.  0. ]
ENZY19430,1,[0.6 0.  0.2 0.  0.2 0. ]
ENZY12870,2,[0.  0.8 0.2 0.  0.  0. ]
ENZY12965,3,[0. 0. 1. 0. 0. 0.]
ENZY8085,2,[0.2 0.6 0.  0.  0.  0.2]
ENZY5888,2,[0.  0.6 0.2 0.2 0.  0. ]
ENZY1046,1,[0.4 0.2 0.4 0.  0.  0. ]
ENZY7764,2,[0.  0.8 0.  0.  0.  0.2]
ENZY18341,1,[0.4 0.  0.  0.4 0.  0.2]
ENZY11800,2,[0.2 0.8 0.  0.  0.  0. ]
ENZY14997,3,[0.  0.2 0.8 0.  0.  0. ]
ENZY12044,3,[0.  0.2 0.8 0.  0.  0. ]
ENZY16497,3,[0.2 0.  0.8 0.  0.  0. ]
ENZY13668,3,[0.2 0.  0.6 0.  0.2 0. ]
ENZY20147,2,[0. 1. 0. 0. 0. 0.]
ENZY12374,5,[0.  0.2 0.2 0.  0.6 0. ]
ENZY12821,1,[0.2 0.2 0.2 0.2 0.  0.2]
ENZY16274,1,[0.4 0.  0.4 0.2 0.  0. ]
ENZY10642,2,[0.  0.8 0.2 0.  0.  0. ]
ENZY18824,3,[0.  0.2 0.4 0.2 0.2 0. ]
ENZY11350,2,[0.  0.6 0.2 0.  0.  0.2]
ENZY16679,3,[0. 0. 1. 0. 0. 0.]
ENZY20948,5,[0.  0.2 0.  0.  0.4 0.4]
ENZY14744,3,[0.4 0.  0.6 0.  0.  0. ]
ENZY12997,2,[0.2 0.4 0.2 0.  0.2 0. ]
ENZY19415,5,[0.  0.2 0.  0.2 0.6 0. ]
ENZY12566,3,[0.  0.  0.6 0.  0.2 0.2]
ENZY14049,3,[0. 0. 1. 0. 0. 0.]
ENZY4360,2,[0.2 0.4 0.2 0.  0.  0.2]
ENZY3106,1,[0.4 0.2 0.  0.  0.2 0.2]
ENZY5693,2,[0.  0.6 0.4 0.  0.  0. ]
ENZY2059,1,[1. 0. 0. 0. 0. 0.]
ENZY10725,2,[0.2 0.4 0.4 0.  0.  0. ]
ENZY16434,4,[0.  0.2 0.2 0.4 0.2 0. ]
ENZY13176,3,[0. 0. 1. 0. 0. 0.]
ENZY15976,1,[0.4 0.2 0.4 0.  0.  0. ]
ENZY5744,2,[0. 1. 0. 0. 0. 0.]
ENZY6984,2,[0. 1. 0. 0. 0. 0.]
ENZY3436,2,[0. 1. 0. 0. 0. 0.]
ENZY3634,2,[0. 1. 0. 0. 0. 0.]
ENZY6772,2,[0.  0.8 0.2 0.  0.  0. ]
ENZY7737,2,[0. 1. 0. 0. 0. 0.]
ENZY4095,2,[0. 1. 0. 0. 0. 0.]
ENZY7389,2,[0.  0.8 0.2 0.  0.  0. ]
ENZY4159,2,[0. 1. 0. 0. 0. 0.]
ENZY7150,1,[0.6 0.2 0.  0.  0.2 0. ]
ENZY5073,2,[0.2 0.8 0.  0.  0.  0. ]
ENZY2400,1,[1. 0. 0. 0. 0. 0.]
ENZY2227,1,[0.8 0.2 0.  0.  0.  0. ]
ENZY4292,2,[0.2 0.4 0.4 0.  0.  0. ]
ENZY3243,1,[0.4 0.  0.4 0.  0.2 0. ]
ENZY9449,2,[0. 1. 0. 0. 0. 0.]
ENZY17886,1,[0.8 0.  0.  0.2 0.  0. ]
ENZY12951,2,[0.  0.4 0.4 0.2 0.  0. ]
ENZY21883,3,[0.2 0.  0.6 0.2 0.  0. ]
ENZY12927,2,[0.  0.4 0.4 0.  0.2 0. ]
ENZY12319,2,[0.  0.8 0.2 0.  0.  0. ]
ENZY19338,5,[0.2 0.  0.2 0.2 0.4 0. ]
ENZY20277,2,[0.  0.4 0.  0.  0.4 0.2]
ENZY21811,2,[0.  0.8 0.  0.  0.  0.2]
ENZY4517,2,[0. 1. 0. 0. 0. 0.]
ENZY3311,2,[0.4 0.6 0.  0.  0.  0. ]
ENZY4791,2,[0.  0.8 0.2 0.  0.  0. ]
ENZY2234,4,[0.2 0.  0.  0.4 0.4 0. ]
ENZY10515,2,[0.2 0.6 0.2 0.  0.  0. ]
ENZY21294,2,[0.  0.4 0.2 0.2 0.  0.2]
ENZY13295,3,[0. 0. 1. 0. 0. 0.]
ENZY14935,2,[0.2 0.4 0.4 0.  0.  0. ]
ENZY610,1,[0.8 0.  0.  0.  0.  0.2]
ENZY931,1,[0.2 0.2 0.2 0.  0.2 0.2]
ENZY434,1,[0.4 0.  0.4 0.  0.  0.2]
ENZY210,1,[0.6 0.2 0.2 0.  0.  0. ]
ENZY16444,3,[0.2 0.2 0.4 0.  0.  0.2]
ENZY10216,2,[0. 1. 0. 0. 0. 0.]
ENZY16360,3,[0. 0. 1. 0. 0. 0.]
ENZY20664,6,[0. 0. 0. 0. 0. 1.]
ENZY18334,2,[0.  0.6 0.2 0.  0.  0.2]
ENZY21719,2,[0.  0.6 0.  0.  0.  0.4]
ENZY19547,3,[0.2 0.  0.6 0.2 0.  0. ]
ENZY19291,4,[0.2 0.2 0.  0.4 0.2 0. ]
ENZY14754,3,[0.2 0.2 0.4 0.  0.2 0. ]
ENZY11044,2,[0.  0.4 0.2 0.2 0.2 0. ]
ENZY16861,2,[0.  0.6 0.4 0.  0.  0. ]
ENZY18868,4,[0.  0.2 0.  0.4 0.4 0. ]
ENZY11593,2,[0.2 0.6 0.2 0.  0.  0. ]
ENZY15928,2,[0.2 0.4 0.4 0.  0.  0. ]
ENZY11460,2,[0.  0.8 0.2 0.  0.  0. ]
ENZY22152,2,[0.  0.6 0.  0.  0.  0.4]
ENZY18814,4,[0.  0.2 0.2 0.6 0.  0. ]
ENZY18843,2,[0.  0.6 0.  0.2 0.  0.2]
ENZY15165,3,[0.  0.2 0.6 0.2 0.  0. ]
ENZY13434,3,[0. 0. 1. 0. 0. 0.]
ENZY17971,2,[0.  0.4 0.2 0.  0.  0.4]
ENZY21000,6,[0. 0. 0. 0. 0. 1.]
ENZY12012,3,[0.  0.2 0.4 0.2 0.2 0. ]
ENZY22054,5,[0.  0.  0.2 0.  0.4 0.4]
ENZY16742,2,[0. 1. 0. 0. 0. 0.]
ENZY10324,2,[0.  0.8 0.  0.  0.  0.2]
ENZY20909,6,[0.  0.2 0.2 0.  0.  0.6]
ENZY11966,2,[0.  0.4 0.4 0.  0.2 0. ]
ENZY13294,2,[0.2 0.6 0.2 0.  0.  0. ]
ENZY16713,2,[0.2 0.4 0.2 0.  0.2 0. ]
ENZY11538,2,[0.  0.8 0.2 0.  0.  0. ]
ENZY13677,3,[0.  0.2 0.4 0.2 0.  0.2]
ENZY3147,1,[0.4 0.  0.2 0.  0.2 0.2]
ENZY9849,3,[0.  0.2 0.6 0.  0.2 0. ]
ENZY1133,1,[1. 0. 0. 0. 0. 0.]
ENZY6237,6,[0.  0.2 0.2 0.  0.  0.6]
ENZY3314,2,[0.2 0.8 0.  0.  0.  0. ]
ENZY9569,2,[0.  0.6 0.2 0.2 0.  0. ]
ENZY3963,2,[0. 1. 0. 0. 0. 0.]
ENZY3631,2,[0. 1. 0. 0. 0. 0.]
ENZY21895,2,[0.2 0.4 0.  0.  0.  0.4]
ENZY19484,5,[0.2 0.2 0.2 0.  0.4 0. ]
ENZY11722,2,[0. 1. 0. 0. 0. 0.]
ENZY16593,3,[0.  0.2 0.6 0.2 0.  0. ]
ENZY20832,6,[0. 0. 0. 0. 0. 1.]
ENZY14048,3,[0.  0.2 0.8 0.  0.  0. ]
ENZY12981,3,[0. 0. 1. 0. 0. 0.]
ENZY17809,2,[0.2 0.4 0.  0.4 0.  0. ]
ENZY1969,2,[0.2 0.6 0.2 0.  0.  0. ]
ENZY3171,1,[1. 0. 0. 0. 0. 0.]
ENZY5675,5,[0.  0.2 0.2 0.  0.4 0.2]
ENZY1748,1,[0.6 0.2 0.  0.2 0.  0. ]
ENZY2968,1,[0.4 0.4 0.  0.2 0.  0. ]
ENZY7447,2,[0.  0.4 0.2 0.  0.4 0. ]
ENZY9519,2,[0. 1. 0. 0. 0. 0.]
ENZY8026,2,[0.  0.8 0.  0.2 0.  0. ]
ENZY15711,3,[0.  0.2 0.4 0.2 0.  0.2]
ENZY20718,6,[0. 0. 0. 0. 0. 1.]
ENZY15029,3,[0.2 0.  0.4 0.4 0.  0. ]
ENZY20532,6,[0. 0. 0. 0. 0. 1.]
ENZY265,1,[0.6 0.  0.  0.  0.  0.4]
ENZY507,1,[0.4 0.2 0.  0.4 0.  0. ]
ENZY673,3,[0.4 0.  0.6 0.  0.  0. ]
ENZY280,1,[1. 0. 0. 0. 0. 0.]
ENZY13950,3,[0.  0.2 0.8 0.  0.  0. ]
ENZY19846,2,[0.  0.4 0.  0.4 0.2 0. ]
ENZY16433,5,[0.  0.  0.2 0.  0.6 0.2]
ENZY21663,6,[0. 0. 0. 0. 0. 1.]
ENZY1223,1,[1. 0. 0. 0. 0. 0.]
ENZY7344,2,[0.  0.4 0.4 0.2 0.  0. ]
ENZY9781,2,[0.2 0.4 0.  0.  0.2 0.2]
ENZY2155,2,[0.2 0.4 0.4 0.  0.  0. ]
ENZY647,1,[0.8 0.  0.2 0.  0.  0. ]
ENZY755,3,[0.2 0.  0.8 0.  0.  0. ]
ENZY770,1,[1. 0. 0. 0. 0. 0.]
ENZY6176,2,[0. 1. 0. 0. 0. 0.]
ENZY18538,4,[0.  0.2 0.  0.4 0.4 0. ]
ENZY19873,5,[0.  0.4 0.  0.  0.6 0. ]
ENZY14992,3,[0.  0.2 0.8 0.  0.  0. ]
ENZY15802,1,[0.2 0.2 0.2 0.  0.2 0.2]
ENZY3616,2,[0. 1. 0. 0. 0. 0.]
ENZY3720,2,[0. 1. 0. 0. 0. 0.]
ENZY3732,2,[0. 1. 0. 0. 0. 0.]
ENZY1718,3,[0.2 0.  0.4 0.  0.2 0.2]
ENZY7730,2,[0. 1. 0. 0. 0. 0.]
ENZY2566,1,[1. 0. 0. 0. 0. 0.]
ENZY2695,1,[1. 0. 0. 0. 0. 0.]
ENZY3230,1,[0.4 0.2 0.2 0.  0.2 0. ]
ENZY1773,1,[1. 0. 0. 0. 0. 0.]
ENZY5489,2,[0. 1. 0. 0. 0. 0.]
ENZY6268,2,[0. 1. 0. 0. 0. 0.]
ENZY3767,2,[0.  0.6 0.2 0.  0.2 0. ]
ENZY21052,2,[0.  0.4 0.2 0.  0.  0.4]
ENZY11910,3,[0. 0. 1. 0. 0. 0.]
ENZY14386,3,[0. 0. 1. 0. 0. 0.]
ENZY19317,5,[0.2 0.  0.2 0.  0.6 0. ]
ENZY5616,2,[0.2 0.8 0.  0.  0.  0. ]
ENZY9661,2,[0.  0.6 0.4 0.  0.  0. ]
ENZY2013,3,[0.2 0.  0.8 0.  0.  0. ]
ENZY4942,1,[0.4 0.4 0.  0.  0.2 0. ]
ENZY3417,3,[0.2 0.2 0.4 0.  0.  0.2]
ENZY1038,1,[0.4 0.4 0.  0.2 0.  0. ]
ENZY6086,2,[0. 1. 0. 0. 0. 0.]
ENZY2715,1,[1. 0. 0. 0. 0. 0.]
ENZY19751,3,[0.2 0.  0.6 0.  0.2 0. ]
ENZY19468,1,[0.4 0.  0.  0.  0.2 0.4]
ENZY21515,6,[0.  0.2 0.2 0.  0.2 0.4]
ENZY18986,2,[0.  0.4 0.  0.  0.2 0.4]
ENZY1821,1,[1. 0. 0. 0. 0. 0.]
ENZY7134,2,[0.  0.8 0.2 0.  0.  0. ]
ENZY2546,1,[0.8 0.  0.  0.2 0.  0. ]
ENZY7172,2,[0.2 0.4 0.4 0.  0.  0. ]
ENZY6462,2,[0.2 0.6 0.2 0.  0.  0. ]
ENZY4454,2,[0. 1. 0. 0. 0. 0.]
ENZY2610,3,[0.2 0.2 0.4 0.  0.2 0. ]
ENZY2942,1,[0.8 0.2 0.  0.  0.  0. ]
ENZY1196,1,[1. 0. 0. 0. 0. 0.]
ENZY4475,2,[0.  0.8 0.  0.  0.2 0. ]
ENZY1407,1,[1. 0. 0. 0. 0. 0.]
ENZY1055,3,[0.2 0.  0.6 0.  0.  0.2]
ENZY7364,2,[0.  0.8 0.2 0.  0.  0. ]
ENZY4432,2,[0. 1. 0. 0. 0. 0.]
ENZY5034,2,[0.  0.4 0.4 0.2 0.  0. ]
ENZY4153,2,[0. 1. 0. 0. 0. 0.]
ENZY9983,2,[0. 1. 0. 0. 0. 0.]
ENZY4899,1,[0.6 0.2 0.  0.  0.  0.2]
ENZY2951,1,[0.4 0.2 0.4 0.  0.  0. ]
ENZY5068,2,[0.  0.6 0.4 0.  0.  0. ]
ENZY18424,2,[0.2 0.4 0.2 0.  0.  0.2]
ENZY13959,3,[0.  0.2 0.8 0.  0.  0. ]
ENZY21952,2,[0.  0.6 0.2 0.  0.  0.2]
ENZY14709,3,[0.2 0.  0.8 0.  0.  0. ]
ENZY7668,2,[0.  0.8 0.2 0.  0.  0. ]
ENZY9349,2,[0. 1. 0. 0. 0. 0.]
ENZY6076,2,[0. 1. 0. 0. 0. 0.]
ENZY5184,2,[0.  0.8 0.  0.  0.2 0. ]
ENZY6,1,[1. 0. 0. 0. 0. 0.]
ENZY56,1,[0.8 0.  0.  0.  0.2 0. ]
ENZY40,1,[1. 0. 0. 0. 0. 0.]
ENZY796,1,[0.4 0.2 0.4 0.  0.  0. ]
ENZY3488,2,[0. 1. 0. 0. 0. 0.]
ENZY3098,1,[1. 0. 0. 0. 0. 0.]
ENZY6895,2,[0.  0.4 0.4 0.2 0.  0. ]
ENZY1786,1,[1. 0. 0. 0. 0. 0.]
ENZY3253,2,[0.2 0.4 0.2 0.  0.2 0. ]
ENZY3290,2,[0.2 0.8 0.  0.  0.  0. ]
ENZY6877,1,[0.2 0.2 0.2 0.2 0.  0.2]
ENZY7814,2,[0.  0.6 0.  0.2 0.2 0. ]
ENZY11224,2,[0.  0.4 0.4 0.  0.2 0. ]
ENZY10557,2,[0.  0.8 0.  0.2 0.  0. ]
ENZY13047,2,[0.  0.4 0.2 0.4 0.  0. ]
ENZY19665,5,[0.  0.  0.2 0.  0.8 0. ]
ENZY12331,3,[0. 0. 1. 0. 0. 0.]
ENZY18648,2,[0.4 0.6 0.  0.  0.  0. ]
ENZY13479,3,[0. 0. 1. 0. 0. 0.]
ENZY13328,3,[0.  0.2 0.6 0.2 0.  0. ]
ENZY6797,2,[0.  0.8 0.  0.  0.2 0. ]
ENZY3790,2,[0. 1. 0. 0. 0. 0.]
ENZY6235,2,[0. 1. 0. 0. 0. 0.]
ENZY5961,2,[0. 1. 0. 0. 0. 0.]
ENZY15986,1,[0.4 0.  0.4 0.  0.2 0. ]
ENZY21798,6,[0.  0.4 0.  0.  0.  0.6]
ENZY13258,2,[0.  0.4 0.4 0.2 0.  0. ]
ENZY18542,4,[0.  0.2 0.  0.6 0.2 0. ]
ENZY18357,2,[0.  0.4 0.4 0.2 0.  0. ]
ENZY12972,2,[0.  0.4 0.2 0.2 0.2 0. ]
ENZY14932,3,[0.  0.2 0.6 0.  0.2 0. ]
ENZY19073,4,[0.  0.  0.2 0.8 0.  0. ]
ENZY19143,2,[0.  0.8 0.  0.2 0.  0. ]
ENZY15154,2,[0.2 0.4 0.4 0.  0.  0. ]
ENZY21567,2,[0.2 0.4 0.  0.  0.2 0.2]
ENZY15082,2,[0.2 0.4 0.4 0.  0.  0. ]
ENZY2952,1,[1. 0. 0. 0. 0. 0.]
ENZY4941,1,[0.4 0.4 0.2 0.  0.  0. ]
ENZY6136,2,[0.  0.6 0.4 0.  0.  0. ]
ENZY5006,2,[0.2 0.6 0.  0.  0.2 0. ]
ENZY5291,2,[0.  0.8 0.2 0.  0.  0. ]
ENZY9348,2,[0. 1. 0. 0. 0. 0.]
ENZY4671,2,[0.2 0.4 0.  0.2 0.2 0. ]
ENZY3460,2,[0. 1. 0. 0. 0. 0.]
ENZY5244,3,[0.  0.2 0.8 0.  0.  0. ]
ENZY9648,2,[0.  0.8 0.  0.2 0.  0. ]
ENZY6918,2,[0.  0.6 0.4 0.  0.  0. ]
ENZY7587,2,[0.  0.6 0.  0.  0.  0.4]
ENZY1877,1,[0.8 0.  0.  0.  0.  0.2]
ENZY6695,2,[0. 1. 0. 0. 0. 0.]
ENZY9953,2,[0.  0.4 0.  0.  0.4 0.2]
ENZY4824,5,[0.  0.2 0.2 0.  0.4 0.2]
ENZY19178,2,[0.  0.4 0.4 0.2 0.  0. ]
ENZY16266,3,[0.2 0.2 0.4 0.  0.  0.2]
ENZY19174,1,[0.4 0.  0.2 0.  0.4 0. ]
ENZY11394,2,[0.2 0.6 0.2 0.  0.  0. ]
ENZY4154,2,[0. 1. 0. 0. 0. 0.]
ENZY6468,2,[0.  0.8 0.2 0.  0.  0. ]
ENZY6115,2,[0. 1. 0. 0. 0. 0.]
ENZY5164,2,[0.  0.6 0.  0.  0.4 0. ]
ENZY5988,2,[0.2 0.6 0.2 0.  0.  0. ]
ENZY2267,2,[0.2 0.6 0.  0.  0.2 0. ]
ENZY6401,2,[0.  0.6 0.2 0.2 0.  0. ]
ENZY9754,2,[0. 1. 0. 0. 0. 0.]
ENZY7919,3,[0.2 0.2 0.4 0.  0.2 0. ]
ENZY3222,1,[0.4 0.4 0.2 0.  0.  0. ]
ENZY7825,2,[0. 1. 0. 0. 0. 0.]
ENZY1988,1,[1. 0. 0. 0. 0. 0.]
ENZY18044,2,[0.  0.4 0.2 0.2 0.2 0. ]
ENZY16581,4,[0.  0.2 0.2 0.6 0.  0. ]
ENZY13243,3,[0. 0. 1. 0. 0. 0.]
ENZY12754,2,[0.  0.6 0.4 0.  0.  0. ]
ENZY10405,2,[0.  0.8 0.  0.2 0.  0. ]
ENZY20765,6,[0.2 0.  0.2 0.  0.  0.6]
ENZY14068,3,[0.2 0.  0.6 0.  0.2 0. ]
ENZY10081,2,[0. 1. 0. 0. 0. 0.]
ENZY15786,3,[0.  0.2 0.4 0.2 0.  0.2]
ENZY20079,3,[0.2 0.2 0.4 0.  0.2 0. ]
ENZY15839,2,[0.  0.6 0.  0.2 0.2 0. ]
ENZY17582,3,[0. 0. 1. 0. 0. 0.]
ENZY3103,1,[0.8 0.  0.  0.  0.  0.2]
ENZY7721,2,[0. 1. 0. 0. 0. 0.]
ENZY2052,1,[0.6 0.  0.  0.2 0.2 0. ]
ENZY7145,2,[0. 1. 0. 0. 0. 0.]
ENZY3085,1,[1. 0. 0. 0. 0. 0.]
ENZY6127,2,[0.2 0.8 0.  0.  0.  0. ]
ENZY4867,2,[0.2 0.4 0.  0.  0.4 0. ]
ENZY5632,3,[0.  0.2 0.6 0.  0.2 0. ]
ENZY19972,2,[0.2 0.4 0.  0.2 0.2 0. ]
ENZY20704,6,[0. 0. 0. 0. 0. 1.]
ENZY11797,2,[0.2 0.6 0.2 0.  0.  0. ]
ENZY16567,3,[0.  0.2 0.6 0.2 0.  0. ]
ENZY14132,3,[0.4 0.  0.6 0.  0.  0. ]
ENZY13366,3,[0.2 0.  0.6 0.2 0.  0. ]
ENZY19214,3,[0.  0.2 0.4 0.  0.2 0.2]
ENZY11438,2,[0. 1. 0. 0. 0. 0.]
ENZY2327,1,[0.8 0.  0.  0.  0.  0.2]
ENZY9541,2,[0. 1. 0. 0. 0. 0.]
ENZY6661,2,[0. 1. 0. 0. 0. 0.]
ENZY9437,2,[0. 1. 0. 0. 0. 0.]
ENZY19355,2,[0.2 0.4 0.  0.  0.4 0. ]
ENZY13760,3,[0.  0.  0.8 0.  0.  0.2]
ENZY12522,3,[0. 0. 1. 0. 0. 0.]
ENZY18733,1,[0.4 0.4 0.2 0.  0.  0. ]
ENZY11564,2,[0.  0.6 0.2 0.  0.  0.2]
ENZY11484,3,[0. 0. 1. 0. 0. 0.]
ENZY20185,5,[0.2 0.2 0.  0.  0.4 0.2]
ENZY16055,2,[0.  0.4 0.2 0.4 0.  0. ]
ENZY10522,2,[0.  0.8 0.  0.  0.2 0. ]
ENZY19853,5,[0.  0.2 0.  0.  0.8 0. ]
ENZY13125,3,[0. 0. 1. 0. 0. 0.]
ENZY10882,2,[0.  0.6 0.  0.  0.  0.4]
ENZY13003,1,[0.4 0.  0.2 0.  0.  0.4]
ENZY11023,2,[0.2 0.6 0.2 0.  0.  0. ]
ENZY18848,2,[0.2 0.6 0.  0.  0.  0.2]
ENZY11831,2,[0.2 0.4 0.2 0.  0.  0.2]
ENZY17880,4,[0.  0.4 0.  0.6 0.  0. ]
ENZY18506,3,[0.  0.2 0.8 0.  0.  0. ]
ENZY20157,2,[0.  0.6 0.  0.  0.2 0.2]
ENZY18547,4,[0.  0.2 0.  0.4 0.4 0. ]
ENZY6936,2,[0.  0.6 0.2 0.  0.  0.2]
ENZY4781,2,[0.  0.8 0.2 0.  0.  0. ]
ENZY8022,2,[0.  0.8 0.  0.2 0.  0. ]
ENZY1058,1,[0.6 0.  0.2 0.2 0.  0. ]
ENZY8417,2,[0. 1. 0. 0. 0. 0.]
ENZY4465,2,[0. 1. 0. 0. 0. 0.]
ENZY2500,4,[0.2 0.  0.2 0.6 0.  0. ]
ENZY7570,2,[0.  0.4 0.2 0.2 0.  0.2]
ENZY468,1,[0.4 0.4 0.  0.2 0.  0. ]
ENZY685,3,[0.2 0.  0.8 0.  0.  0. ]
ENZY799,1,[1. 0. 0. 0. 0. 0.]
ENZY13252,3,[0.  0.2 0.6 0.  0.  0.2]
ENZY21486,6,[0.  0.2 0.  0.2 0.  0.6]
ENZY22019,2,[0.  0.4 0.2 0.2 0.  0.2]
ENZY20818,6,[0.  0.2 0.  0.  0.  0.8]
ENZY17008,3,[0. 0. 1. 0. 0. 0.]
ENZY10572,2,[0.  0.8 0.2 0.  0.  0. ]
ENZY19013,2,[0.  0.4 0.  0.2 0.2 0.2]
ENZY21217,3,[0.2 0.2 0.4 0.2 0.  0. ]
ENZY19558,4,[0.  0.2 0.  0.4 0.4 0. ]
ENZY14264,3,[0.  0.2 0.8 0.  0.  0. ]
ENZY19642,5,[0.  0.  0.  0.  0.6 0.4]
ENZY15832,3,[0.  0.2 0.4 0.  0.2 0.2]
ENZY848,1,[0.4 0.2 0.  0.2 0.2 0. ]
ENZY343,1,[1. 0. 0. 0. 0. 0.]
ENZY835,1,[0.8 0.2 0.  0.  0.  0. ]
ENZY715,1,[0.8 0.  0.  0.2 0.  0. ]
ENZY13339,3,[0.  0.  0.8 0.2 0.  0. ]
ENZY12837,2,[0.  0.4 0.2 0.  0.2 0.2]
ENZY20196,5,[0.2 0.  0.  0.  0.6 0.2]
ENZY15615,3,[0.2 0.  0.8 0.  0.  0. ]
ENZY495,6,[0.2 0.  0.  0.2 0.  0.6]
ENZY703,1,[1. 0. 0. 0. 0. 0.]
ENZY390,1,[1. 0. 0. 0. 0. 0.]
ENZY363,1,[1. 0. 0. 0. 0. 0.]
ENZY1823,1,[0.4 0.2 0.4 0.  0.  0. ]
ENZY11357,5,[0.  0.2 0.  0.2 0.6 0. ]
ENZY20576,1,[0.4 0.2 0.  0.  0.  0.4]
ENZY16552,2,[0.2 0.4 0.4 0.  0.  0. ]
ENZY12461,2,[0.  0.4 0.2 0.2 0.  0.2]
ENZY13420,3,[0. 0. 1. 0. 0. 0.]
ENZY19546,3,[0.2 0.  0.4 0.2 0.2 0. ]
ENZY21075,1,[0.4 0.4 0.  0.  0.2 0. ]
ENZY4064,2,[0. 1. 0. 0. 0. 0.]
ENZY5496,2,[0.  0.8 0.  0.  0.  0.2]
ENZY5509,2,[0.  0.6 0.  0.  0.4 0. ]
ENZY2873,2,[0.4 0.6 0.  0.  0.  0. ]
ENZY14015,3,[0. 0. 1. 0. 0. 0.]
ENZY14615,3,[0.  0.  0.6 0.4 0.  0. ]
ENZY13765,1,[0.4 0.2 0.2 0.2 0.  0. ]
ENZY18614,2,[0.  0.4 0.4 0.2 0.  0. ]
ENZY20625,6,[0.2 0.  0.2 0.  0.  0.6]
ENZY12968,3,[0.  0.2 0.6 0.  0.2 0. ]
ENZY17553,3,[0. 0. 1. 0. 0. 0.]
ENZY20170,3,[0.  0.2 0.4 0.  0.4 0. ]
ENZY2843,1,[0.6 0.2 0.  0.  0.2 0. ]
ENZY7205,2,[0.  0.8 0.  0.2 0.  0. ]
ENZY9946,2,[0.  0.6 0.  0.2 0.2 0. ]
ENZY5076,2,[0. 1. 0. 0. 0. 0.]
ENZY7882,2,[0. 1. 0. 0. 0. 0.]
ENZY7298,3,[0.  0.  0.8 0.2 0.  0. ]
ENZY7129,3,[0.2 0.2 0.6 0.  0.  0. ]
ENZY7149,2,[0.  0.4 0.2 0.  0.  0.4]
ENZY13206,3,[0. 0. 1. 0. 0. 0.]
ENZY11524,2,[0.  0.6 0.  0.  0.4 0. ]
ENZY12088,3,[0. 0. 1. 0. 0. 0.]
ENZY11266,3,[0.  0.4 0.6 0.  0.  0. ]
ENZY18265,4,[0.2 0.  0.  0.6 0.2 0. ]
ENZY10526,2,[0.  0.8 0.2 0.  0.  0. ]
ENZY16308,3,[0.2 0.  0.4 0.2 0.2 0. ]
ENZY12136,1,[0.4 0.  0.4 0.  0.2 0. ]
ENZY19898,5,[0.  0.4 0.  0.  0.6 0. ]
ENZY12256,3,[0. 0. 1. 0. 0. 0.]
ENZY12547,3,[0.  0.4 0.6 0.  0.  0. ]
ENZY19412,5,[0.2 0.2 0.  0.2 0.4 0. ]
ENZY19508,6,[0.2 0.2 0.  0.  0.2 0.4]
ENZY17705,3,[0. 0. 1. 0. 0. 0.]
ENZY12494,3,[0.2 0.  0.6 0.  0.2 0. ]
ENZY18883,2,[0.  0.8 0.  0.2 0.  0. ]
ENZY16333,1,[0.4 0.  0.4 0.  0.2 0. ]
ENZY12794,1,[0.4 0.4 0.2 0.  0.  0. ]
ENZY17174,3,[0. 0. 1. 0. 0. 0.]
ENZY1896,1,[1. 0. 0. 0. 0. 0.]
ENZY6561,2,[0. 1. 0. 0. 0. 0.]
ENZY5000,2,[0.  0.4 0.4 0.2 0.  0. ]
ENZY6380,2,[0.  0.4 0.4 0.2 0.  0. ]
ENZY1854,6,[0.4 0.  0.  0.  0.  0.6]
ENZY8138,2,[0. 1. 0. 0. 0. 0.]
ENZY4804,1,[0.8 0.2 0.  0.  0.  0. ]
ENZY3653,2,[0. 1. 0. 0. 0. 0.]
ENZY12128,3,[0. 0. 1. 0. 0. 0.]
ENZY16495,3,[0.2 0.  0.4 0.  0.4 0. ]
ENZY15803,1,[0.4 0.2 0.4 0.  0.  0. ]
ENZY11716,2,[0.  0.8 0.  0.2 0.  0. ]
ENZY11560,2,[0.2 0.8 0.  0.  0.  0. ]
ENZY18651,2,[0.  0.4 0.4 0.2 0.  0. ]
ENZY19170,5,[0.2 0.  0.2 0.2 0.4 0. ]
ENZY16184,3,[0.  0.2 0.4 0.  0.2 0.2]
ENZY4937,1,[0.4 0.4 0.  0.  0.2 0. ]
ENZY3262,1,[0.4 0.2 0.4 0.  0.  0. ]
ENZY7390,2,[0.  0.4 0.2 0.  0.  0.4]
ENZY1234,1,[1. 0. 0. 0. 0. 0.]
ENZY7954,2,[0.2 0.4 0.4 0.  0.  0. ]
ENZY6477,2,[0. 1. 0. 0. 0. 0.]
ENZY7361,2,[0.  0.8 0.2 0.  0.  0. ]
ENZY5874,2,[0.2 0.4 0.  0.2 0.2 0. ]
ENZY12404,5,[0.  0.  0.2 0.  0.6 0.2]
ENZY12377,3,[0.  0.  0.8 0.  0.  0.2]
ENZY15120,3,[0.  0.4 0.6 0.  0.  0. ]
ENZY22015,6,[0.  0.2 0.2 0.  0.  0.6]
ENZY7725,2,[0. 1. 0. 0. 0. 0.]
ENZY2084,1,[0.8 0.2 0.  0.  0.  0. ]
ENZY9751,2,[0. 1. 0. 0. 0. 0.]
ENZY6773,2,[0. 1. 0. 0. 0. 0.]
ENZY2401,1,[0.4 0.2 0.4 0.  0.  0. ]
ENZY7049,2,[0.  0.4 0.2 0.  0.2 0.2]
ENZY3787,2,[0. 1. 0. 0. 0. 0.]
ENZY1654,2,[0.4 0.6 0.  0.  0.  0. ]
ENZY3922,4,[0.2 0.2 0.2 0.4 0.  0. ]
ENZY7782,2,[0. 1. 0. 0. 0. 0.]
ENZY3200,2,[0.  0.4 0.4 0.  0.2 0. ]
ENZY6492,2,[0. 1. 0. 0. 0. 0.]
ENZY20066,1,[0.4 0.  0.2 0.  0.4 0. ]
ENZY10663,3,[0.  0.2 0.8 0.  0.  0. ]
ENZY22003,1,[0.4 0.2 0.  0.  0.2 0.2]
ENZY16115,3,[0.  0.4 0.6 0.  0.  0. ]
ENZY7850,2,[0. 1. 0. 0. 0. 0.]
ENZY4178,2,[0. 1. 0. 0. 0. 0.]
ENZY2176,2,[0.2 0.4 0.2 0.  0.  0.2]
ENZY5459,1,[0.4 0.4 0.  0.2 0.  0. ]
ENZY16042,3,[0.  0.4 0.6 0.  0.  0. ]
ENZY10790,2,[0.  0.8 0.  0.  0.2 0. ]
ENZY13496,3,[0.  0.  0.6 0.2 0.  0.2]
ENZY12067,3,[0. 0. 1. 0. 0. 0.]
ENZY21723,6,[0.  0.2 0.  0.  0.  0.8]
ENZY20588,5,[0.  0.  0.2 0.  0.4 0.4]
ENZY13293,3,[0. 0. 1. 0. 0. 0.]
ENZY17963,3,[0.  0.2 0.8 0.  0.  0. ]
ENZY1918,1,[0.6 0.2 0.2 0.  0.  0. ]
ENZY7879,2,[0. 1. 0. 0. 0. 0.]
ENZY9546,2,[0. 1. 0. 0. 0. 0.]
ENZY7775,2,[0. 1. 0. 0. 0. 0.]
ENZY12684,3,[0.2 0.2 0.4 0.2 0.  0. ]
ENZY10625,3,[0.  0.  0.4 0.  0.2 0.4]
ENZY15377,1,[0.2 0.  0.2 0.2 0.2 0.2]
ENZY12023,3,[0. 0. 1. 0. 0. 0.]
ENZY542,1,[0.4 0.4 0.  0.  0.2 0. ]
ENZY312,1,[0.4 0.  0.2 0.2 0.2 0. ]
ENZY795,1,[1. 0. 0. 0. 0. 0.]
ENZY1652,1,[0.6 0.4 0.  0.  0.  0. ]
ENZY2569,1,[0.8 0.  0.  0.  0.2 0. ]
ENZY2812,1,[1. 0. 0. 0. 0. 0.]
ENZY3813,2,[0.  0.4 0.4 0.2 0.  0. ]
ENZY11329,2,[0.2 0.4 0.2 0.  0.2 0. ]
ENZY15992,3,[0.2 0.  0.6 0.  0.2 0. ]
ENZY16979,3,[0.  0.2 0.8 0.  0.  0. ]
ENZY15997,2,[0.2 0.4 0.2 0.  0.  0.2]
ENZY6023,2,[0.  0.8 0.  0.  0.2 0. ]
ENZY9628,2,[0. 1. 0. 0. 0. 0.]
ENZY7877,2,[0. 1. 0. 0. 0. 0.]
ENZY3751,2,[0. 1. 0. 0. 0. 0.]
ENZY19124,2,[0.  0.8 0.  0.2 0.  0. ]
ENZY10676,2,[0.  0.8 0.2 0.  0.  0. ]
ENZY12721,3,[0. 0. 1. 0. 0. 0.]
ENZY18828,2,[0.  0.4 0.2 0.  0.4 0. ]
ENZY2596,1,[0.8 0.2 0.  0.  0.  0. ]
ENZY7124,2,[0.  0.8 0.2 0.  0.  0. ]
ENZY5366,2,[0.  0.8 0.  0.2 0.  0. ]
ENZY5658,2,[0.  0.6 0.2 0.2 0.  0. ]
ENZY1997,2,[0.2 0.6 0.  0.  0.  0.2]
ENZY7323,2,[0.  0.8 0.2 0.  0.  0. ]
ENZY6501,2,[0. 1. 0. 0. 0. 0.]
ENZY3562,2,[0.  0.6 0.4 0.  0.  0. ]
ENZY3293,2,[0.2 0.4 0.2 0.  0.2 0. ]
ENZY8304,2,[0. 1. 0. 0. 0. 0.]
ENZY4020,2,[0.2 0.6 0.  0.  0.2 0. ]
ENZY9491,2,[0. 1. 0. 0. 0. 0.]
ENZY16389,1,[0.4 0.  0.4 0.2 0.  0. ]
ENZY14908,6,[0.  0.2 0.2 0.  0.  0.6]
ENZY12998,3,[0. 0. 1. 0. 0. 0.]
ENZY13423,2,[0.2 0.4 0.4 0.  0.  0. ]
ENZY7178,2,[0.2 0.6 0.  0.  0.  0.2]
ENZY9202,2,[0. 1. 0. 0. 0. 0.]
ENZY5800,2,[0. 1. 0. 0. 0. 0.]
ENZY6883,2,[0.2 0.4 0.2 0.2 0.  0. ]
ENZY9452,2,[0. 1. 0. 0. 0. 0.]
ENZY6754,2,[0.  0.6 0.2 0.  0.2 0. ]
ENZY1972,3,[0.2 0.2 0.4 0.  0.  0.2]
ENZY1539,2,[0.2 0.4 0.2 0.2 0.  0. ]
ENZY12006,3,[0.2 0.  0.8 0.  0.  0. ]
ENZY13067,3,[0. 0. 1. 0. 0. 0.]
ENZY10092,2,[0. 1. 0. 0. 0. 0.]
ENZY15349,3,[0. 0. 1. 0. 0. 0.]
ENZY7726,2,[0. 1. 0. 0. 0. 0.]
ENZY2720,1,[1. 0. 0. 0. 0. 0.]
ENZY6829,2,[0.  0.8 0.  0.  0.2 0. ]
ENZY8145,2,[0.2 0.6 0.  0.  0.  0.2]
ENZY1957,1,[0.6 0.2 0.2 0.  0.  0. ]
ENZY6130,2,[0.  0.6 0.  0.  0.2 0.2]
ENZY8932,2,[0. 1. 0. 0. 0. 0.]
ENZY7852,2,[0.  0.6 0.2 0.  0.2 0. ]
ENZY3009,1,[0.4 0.2 0.4 0.  0.  0. ]
ENZY1892,1,[1. 0. 0. 0. 0. 0.]
ENZY1477,3,[0.2 0.2 0.6 0.  0.  0. ]
ENZY3349,2,[0. 1. 0. 0. 0. 0.]
ENZY14507,3,[0.  0.2 0.8 0.  0.  0. ]
ENZY10254,2,[0.  0.4 0.4 0.  0.  0.2]
ENZY18403,2,[0.  0.4 0.2 0.2 0.2 0. ]
ENZY19657,5,[0. 0. 0. 0. 1. 0.]
ENZY20628,6,[0.2 0.  0.  0.  0.  0.8]
ENZY19117,1,[0.2 0.2 0.2 0.2 0.2 0. ]
ENZY18243,4,[0.  0.2 0.  0.8 0.  0. ]
ENZY13965,3,[0.2 0.  0.8 0.  0.  0. ]
ENZY10925,1,[0.8 0.2 0.  0.  0.  0. ]
ENZY10062,2,[0. 1. 0. 0. 0. 0.]
ENZY10312,2,[0. 1. 0. 0. 0. 0.]
ENZY13605,3,[0.  0.  0.8 0.  0.2 0. ]
ENZY17838,1,[0.2 0.2 0.2 0.2 0.  0.2]
ENZY14766,1,[0.2 0.2 0.2 0.  0.2 0.2]
ENZY17788,3,[0.  0.  0.4 0.4 0.2 0. ]
ENZY20238,5,[0.  0.2 0.2 0.  0.4 0.2]
ENZY7070,2,[0.  0.6 0.  0.2 0.  0.2]
ENZY4051,2,[0. 1. 0. 0. 0. 0.]
ENZY5640,2,[0.  0.6 0.4 0.  0.  0. ]
ENZY8288,2,[0.  0.8 0.2 0.  0.  0. ]
ENZY906,3,[0.4 0.  0.6 0.  0.  0. ]
ENZY114,1,[1. 0. 0. 0. 0. 0.]
ENZY344,1,[0.4 0.2 0.2 0.  0.2 0. ]
ENZY537,1,[1. 0. 0. 0. 0. 0.]
ENZY8151,4,[0.2 0.2 0.2 0.4 0.  0. ]
ENZY3970,3,[0.  0.2 0.8 0.  0.  0. ]
ENZY6882,3,[0.  0.4 0.6 0.  0.  0. ]
ENZY1857,1,[1. 0. 0. 0. 0. 0.]
ENZY21906,2,[0.2 0.4 0.  0.2 0.  0.2]
ENZY21009,6,[0.  0.2 0.2 0.  0.  0.6]
ENZY18888,2,[0.  0.4 0.  0.2 0.4 0. ]
ENZY19819,5,[0.  0.2 0.  0.2 0.6 0. ]
ENZY7152,2,[0.  0.8 0.  0.2 0.  0. ]
ENZY1453,1,[0.4 0.2 0.4 0.  0.  0. ]
ENZY2792,1,[0.4 0.4 0.2 0.  0.  0. ]
ENZY6048,2,[0. 1. 0. 0. 0. 0.]
ENZY1428,3,[0.2 0.  0.4 0.4 0.  0. ]
ENZY2364,1,[0.6 0.  0.  0.  0.  0.4]
ENZY4659,6,[0.  0.2 0.2 0.  0.  0.6]
ENZY6590,2,[0.2 0.4 0.2 0.  0.2 0. ]
ENZY15836,3,[0.  0.4 0.6 0.  0.  0. ]
ENZY16535,2,[0.  0.8 0.2 0.  0.  0. ]
ENZY17770,3,[0. 0. 1. 0. 0. 0.]
ENZY18694,1,[0.4 0.2 0.2 0.2 0.  0. ]
ENZY16939,3,[0.  0.2 0.8 0.  0.  0. ]
ENZY12027,3,[0. 0. 1. 0. 0. 0.]
ENZY13620,3,[0. 0. 1. 0. 0. 0.]
ENZY10273,2,[0.  0.8 0.  0.2 0.  0. ]
ENZY21977,1,[0.6 0.  0.4 0.  0.  0. ]
ENZY15655,3,[0.2 0.  0.8 0.  0.  0. ]
ENZY14389,3,[0. 0. 1. 0. 0. 0.]
ENZY15586,3,[0.  0.2 0.6 0.  0.2 0. ]
ENZY3877,2,[0. 1. 0. 0. 0. 0.]
ENZY3010,1,[0.4 0.2 0.4 0.  0.  0. ]
ENZY2255,1,[0.4 0.2 0.2 0.  0.  0.2]
ENZY8034,2,[0.  0.6 0.  0.2 0.2 0. ]
ENZY14211,3,[0.  0.  0.8 0.  0.  0.2]
ENZY13120,3,[0. 0. 1. 0. 0. 0.]
ENZY12287,1,[0.6 0.2 0.  0.  0.  0.2]
ENZY18174,4,[0.  0.2 0.  0.6 0.2 0. ]
ENZY16316,2,[0.  0.8 0.  0.  0.2 0. ]
ENZY16091,3,[0.  0.2 0.6 0.  0.2 0. ]
ENZY14494,1,[0.4 0.2 0.4 0.  0.  0. ]
ENZY12193,3,[0.  0.4 0.6 0.  0.  0. ]
ENZY1798,1,[1. 0. 0. 0. 0. 0.]
ENZY6870,2,[0.  0.8 0.  0.2 0.  0. ]
ENZY3096,1,[1. 0. 0. 0. 0. 0.]
ENZY7899,2,[0.2 0.6 0.  0.  0.2 0. ]
ENZY8163,2,[0. 1. 0. 0. 0. 0.]
ENZY3552,2,[0. 1. 0. 0. 0. 0.]
ENZY8120,2,[0. 1. 0. 0. 0. 0.]
ENZY3791,2,[0. 1. 0. 0. 0. 0.]
ENZY6156,2,[0. 1. 0. 0. 0. 0.]
ENZY6284,2,[0.2 0.4 0.  0.  0.  0.4]
ENZY5240,2,[0.  0.4 0.  0.  0.4 0.2]
ENZY6667,2,[0.2 0.6 0.  0.  0.  0.2]
ENZY6049,2,[0.4 0.6 0.  0.  0.  0. ]
ENZY5302,2,[0. 1. 0. 0. 0. 0.]
ENZY7800,2,[0. 1. 0. 0. 0. 0.]
ENZY7669,2,[0. 1. 0. 0. 0. 0.]
ENZY9111,2,[0. 1. 0. 0. 0. 0.]
ENZY9520,2,[0. 1. 0. 0. 0. 0.]
ENZY1101,5,[0.2 0.2 0.2 0.  0.4 0. ]
ENZY1276,1,[0.8 0.  0.  0.  0.  0.2]
ENZY18261,4,[0.2 0.  0.  0.8 0.  0. ]
ENZY21672,1,[0.4 0.4 0.  0.  0.  0.2]
ENZY16273,3,[0.  0.  0.4 0.2 0.4 0. ]
ENZY15820,3,[0.  0.2 0.4 0.  0.2 0.2]
ENZY17487,3,[0. 0. 1. 0. 0. 0.]
ENZY14681,3,[0. 0. 1. 0. 0. 0.]
ENZY15428,3,[0.  0.2 0.4 0.2 0.  0.2]
ENZY12159,3,[0.2 0.  0.8 0.  0.  0. ]
ENZY18349,3,[0.2 0.2 0.4 0.2 0.  0. ]
ENZY21615,1,[0.6 0.  0.  0.  0.  0.4]
ENZY18346,2,[0.  0.6 0.2 0.  0.  0.2]
ENZY13142,3,[0.2 0.2 0.4 0.2 0.  0. ]
ENZY12049,3,[0. 0. 1. 0. 0. 0.]
ENZY13703,3,[0.  0.2 0.8 0.  0.  0. ]
ENZY19718,5,[0. 0. 0. 0. 1. 0.]
ENZY10825,5,[0.  0.2 0.2 0.  0.4 0.2]
ENZY12507,3,[0.2 0.  0.6 0.2 0.  0. ]
ENZY13506,3,[0.  0.2 0.8 0.  0.  0. ]
ENZY15261,3,[0.2 0.  0.6 0.2 0.  0. ]
ENZY15382,5,[0.  0.  0.2 0.2 0.4 0.2]
ENZY8,1,[1. 0. 0. 0. 0. 0.]
ENZY17,3,[0.4 0.  0.6 0.  0.  0. ]
ENZY383,1,[1. 0. 0. 0. 0. 0.]
ENZY435,1,[1. 0. 0. 0. 0. 0.]
ENZY3858,2,[0. 1. 0. 0. 0. 0.]
ENZY6532,2,[0.2 0.6 0.2 0.  0.  0. ]
ENZY5484,1,[0.4 0.4 0.  0.  0.  0.2]
ENZY8064,2,[0. 1. 0. 0. 0. 0.]
ENZY6761,2,[0.  0.6 0.2 0.  0.2 0. ]
ENZY6534,2,[0.  0.6 0.2 0.2 0.  0. ]
ENZY4779,2,[0.  0.6 0.2 0.  0.2 0. ]
ENZY8430,2,[0. 1. 0. 0. 0. 0.]
ENZY6446,2,[0.  0.4 0.  0.  0.4 0.2]
ENZY1131,2,[0.  0.6 0.4 0.  0.  0. ]
ENZY6353,2,[0.  0.6 0.2 0.  0.  0.2]
ENZY9122,2,[0. 1. 0. 0. 0. 0.]
ENZY20229,3,[0.  0.  0.6 0.  0.2 0.2]
ENZY12785,3,[0.2 0.2 0.4 0.2 0.  0. ]
ENZY18007,3,[0.  0.  0.6 0.2 0.  0.2]
ENZY16244,3,[0.  0.  0.4 0.2 0.4 0. ]
ENZY15835,3,[0.  0.2 0.6 0.  0.  0.2]
ENZY15934,3,[0.  0.2 0.8 0.  0.  0. ]
ENZY14684,3,[0. 0. 1. 0. 0. 0.]
ENZY18440,2,[0.  0.8 0.  0.2 0.  0. ]
ENZY2774,1,[0.4 0.4 0.2 0.  0.  0. ]
ENZY5852,2,[0. 1. 0. 0. 0. 0.]
ENZY2478,3,[0.  0.2 0.8 0.  0.  0. ]
ENZY5758,2,[0.  0.8 0.  0.  0.2 0. ]
ENZY18391,4,[0.  0.2 0.  0.6 0.2 0. ]
ENZY16499,2,[0.  0.4 0.2 0.2 0.2 0. ]
ENZY15852,3,[0.  0.  0.8 0.  0.2 0. ]
ENZY19327,5,[0.  0.2 0.2 0.  0.6 0. ]
ENZY16436,2,[0.  0.4 0.2 0.  0.  0.4]
ENZY16139,3,[0.4 0.  0.6 0.  0.  0. ]
ENZY15019,3,[0.  0.4 0.6 0.  0.  0. ]
ENZY20894,6,[0.  0.  0.2 0.  0.2 0.6]
ENZY10066,2,[0. 1. 0. 0. 0. 0.]
ENZY20204,2,[0.  0.2 0.2 0.2 0.2 0.2]
ENZY19450,1,[1. 0. 0. 0. 0. 0.]
ENZY13333,3,[0.  0.  0.8 0.2 0.  0. ]
ENZY10245,3,[0.  0.2 0.8 0.  0.  0. ]
ENZY14858,2,[0.  0.4 0.2 0.  0.2 0.2]
ENZY14609,3,[0.  0.  0.6 0.4 0.  0. ]
ENZY11909,3,[0. 0. 1. 0. 0. 0.]
ENZY209,2,[0.2 0.6 0.  0.  0.2 0. ]
ENZY364,1,[0.6 0.2 0.2 0.  0.  0. ]
ENZY341,1,[1. 0. 0. 0. 0. 0.]
ENZY772,1,[1. 0. 0. 0. 0. 0.]
ENZY9907,1,[0.6 0.2 0.  0.2 0.  0. ]
ENZY8541,2,[0. 1. 0. 0. 0. 0.]
ENZY9608,2,[0.  0.6 0.  0.4 0.  0. ]
ENZY6433,2,[0.4 0.6 0.  0.  0.  0. ]
ENZY16880,2,[0.2 0.6 0.2 0.  0.  0. ]
ENZY19822,5,[0.  0.4 0.  0.  0.6 0. ]
ENZY11648,2,[0.  0.8 0.  0.  0.  0.2]
ENZY14678,2,[0.  0.4 0.2 0.  0.2 0.2]
ENZY16302,3,[0. 0. 1. 0. 0. 0.]
ENZY14906,2,[0.  0.4 0.4 0.  0.2 0. ]
ENZY20925,6,[0.2 0.2 0.  0.  0.  0.6]
ENZY13494,3,[0. 0. 1. 0. 0. 0.]
ENZY20021,5,[0.2 0.  0.  0.2 0.6 0. ]
ENZY10150,2,[0.2 0.4 0.2 0.  0.  0.2]
ENZY20502,1,[0.4 0.4 0.  0.  0.2 0. ]
ENZY13977,1,[0.6 0.  0.4 0.  0.  0. ]
ENZY11657,2,[0.4 0.6 0.  0.  0.  0. ]
ENZY18241,2,[0.2 0.6 0.  0.2 0.  0. ]
ENZY15430,3,[0.2 0.  0.8 0.  0.  0. ]
ENZY18658,3,[0.  0.2 0.4 0.4 0.  0. ]
ENZY15469,3,[0.  0.2 0.8 0.  0.  0. ]
ENZY11042,2,[0.  0.8 0.  0.2 0.  0. ]
ENZY18584,4,[0.2 0.  0.  0.6 0.2 0. ]
ENZY13053,3,[0. 0. 1. 0. 0. 0.]
ENZY6128,2,[0. 1. 0. 0. 0. 0.]
ENZY3910,2,[0. 1. 0. 0. 0. 0.]
ENZY1464,3,[0.2 0.  0.4 0.4 0.  0. ]
ENZY6093,2,[0.2 0.8 0.  0.  0.  0. ]
ENZY15652,3,[0.2 0.  0.8 0.  0.  0. ]
ENZY20355,4,[0.  0.2 0.2 0.4 0.2 0. ]
ENZY13041,3,[0. 0. 1. 0. 0. 0.]
ENZY16306,3,[0.2 0.2 0.4 0.2 0.  0. ]
ENZY5171,2,[0. 1. 0. 0. 0. 0.]
ENZY1288,1,[1. 0. 0. 0. 0. 0.]
ENZY1774,1,[0.8 0.  0.  0.  0.2 0. ]
ENZY1189,1,[0.8 0.2 0.  0.  0.  0. ]
ENZY20992,6,[0. 0. 0. 0. 0. 1.]
ENZY15775,2,[0.  0.4 0.2 0.2 0.  0.2]
ENZY14691,3,[0.2 0.  0.8 0.  0.  0. ]
ENZY12255,3,[0. 0. 1. 0. 0. 0.]
ENZY13834,3,[0.  0.2 0.6 0.2 0.  0. ]
ENZY14797,2,[0.2 0.4 0.4 0.  0.  0. ]
ENZY10017,2,[0.  0.4 0.4 0.  0.  0.2]
ENZY10185,2,[0. 1. 0. 0. 0. 0.]
ENZY504,1,[0.4 0.4 0.2 0.  0.  0. ]
ENZY161,1,[0.8 0.  0.  0.2 0.  0. ]
ENZY856,2,[0.2 0.6 0.  0.  0.  0.2]
ENZY313,1,[0.4 0.4 0.  0.2 0.  0. ]
ENZY6700,2,[0.4 0.6 0.  0.  0.  0. ]
ENZY3445,2,[0. 1. 0. 0. 0. 0.]
ENZY7366,2,[0.  0.6 0.  0.  0.  0.4]
ENZY5792,2,[0. 1. 0. 0. 0. 0.]
ENZY7211,2,[0.  0.8 0.  0.2 0.  0. ]
ENZY5231,3,[0.2 0.2 0.4 0.  0.  0.2]
ENZY3218,1,[1. 0. 0. 0. 0. 0.]
ENZY1137,1,[1. 0. 0. 0. 0. 0.]
ENZY10381,2,[0.  0.6 0.2 0.  0.2 0. ]
ENZY14873,3,[0.  0.  0.6 0.2 0.  0.2]
ENZY15285,3,[0. 0. 1. 0. 0. 0.]
ENZY14348,3,[0.4 0.  0.6 0.  0.  0. ]
ENZY10109,2,[0. 1. 0. 0. 0. 0.]
ENZY18861,2,[0.  0.6 0.2 0.  0.2 0. ]
ENZY14675,3,[0.  0.2 0.8 0.  0.  0. ]
ENZY18163,5,[0.  0.  0.  0.4 0.6 0. ]
ENZY14651,3,[0. 0. 1. 0. 0. 0.]
ENZY12250,3,[0.2 0.  0.8 0.  0.  0. ]
ENZY19370,2,[0.2 0.6 0.  0.2 0.  0. ]
ENZY19868,1,[0.4 0.4 0.  0.  0.2 0. ]
ENZY8128,2,[0.2 0.6 0.2 0.  0.  0. ]
ENZY7201,2,[0.  0.8 0.  0.2 0.  0. ]
ENZY1549,1,[0.4 0.  0.4 0.  0.2 0. ]
ENZY7016,2,[0. 1. 0. 0. 0. 0.]
ENZY21022,6,[0.2 0.  0.  0.  0.  0.8]
ENZY15609,1,[0.4 0.4 0.2 0.  0.  0. ]
ENZY20354,1,[0.4 0.  0.2 0.  0.4 0. ]
ENZY10677,2,[0.  0.6 0.2 0.2 0.  0. ]
ENZY13938,3,[0.2 0.  0.8 0.  0.  0. ]
ENZY15783,3,[0.  0.  0.6 0.4 0.  0. ]
ENZY20089,2,[0.  0.4 0.2 0.  0.2 0.2]
ENZY22034,6,[0.  0.  0.  0.  0.4 0.6]
ENZY20587,6,[0.2 0.  0.  0.  0.2 0.6]
ENZY21857,3,[0.2 0.2 0.4 0.  0.  0.2]
ENZY21421,6,[0.2 0.2 0.2 0.  0.  0.4]
ENZY11411,2,[0. 1. 0. 0. 0. 0.]
ENZY1505,2,[0.2 0.4 0.4 0.  0.  0. ]
ENZY8150,2,[0.  0.8 0.  0.2 0.  0. ]
ENZY1899,1,[1. 0. 0. 0. 0. 0.]
ENZY9837,2,[0.2 0.4 0.2 0.  0.2 0. ]
ENZY5113,2,[0. 1. 0. 0. 0. 0.]
ENZY1923,1,[0.8 0.  0.  0.  0.2 0. ]
ENZY3989,2,[0.4 0.6 0.  0.  0.  0. ]
ENZY7193,2,[0.  0.8 0.  0.2 0.  0. ]
ENZY3270,3,[0.  0.2 0.8 0.  0.  0. ]
ENZY5050,2,[0.2 0.6 0.2 0.  0.  0. ]
ENZY6997,2,[0.  0.8 0.2 0.  0.  0. ]
ENZY7536,1,[0.4 0.2 0.  0.  0.2 0.2]
ENZY14648,3,[0. 0. 1. 0. 0. 0.]
ENZY16584,2,[0.2 0.6 0.2 0.  0.  0. ]
ENZY21592,6,[0.4 0.  0.  0.  0.  0.6]
ENZY12371,3,[0.  0.  0.8 0.  0.  0.2]
ENZY740,1,[0.8 0.  0.  0.  0.2 0. ]
ENZY327,1,[1. 0. 0. 0. 0. 0.]
ENZY546,1,[0.8 0.  0.  0.  0.  0.2]
ENZY254,3,[0.2 0.2 0.4 0.2 0.  0. ]
ENZY16066,3,[0.2 0.  0.8 0.  0.  0. ]
ENZY13512,3,[0. 0. 1. 0. 0. 0.]
ENZY17188,3,[0. 0. 1. 0. 0. 0.]
ENZY10085,2,[0. 1. 0. 0. 0. 0.]
ENZY4464,2,[0. 1. 0. 0. 0. 0.]
ENZY1791,1,[1. 0. 0. 0. 0. 0.]
ENZY7733,2,[0. 1. 0. 0. 0. 0.]
ENZY6069,2,[0.2 0.4 0.  0.  0.  0.4]
ENZY18123,2,[0.  0.6 0.2 0.  0.2 0. ]
ENZY19697,3,[0.  0.2 0.4 0.2 0.2 0. ]
ENZY12678,2,[0.  0.6 0.2 0.  0.  0.2]
ENZY21305,2,[0.  0.4 0.2 0.  0.  0.4]
ENZY12656,3,[0.2 0.  0.4 0.2 0.2 0. ]
ENZY18736,2,[0.  0.4 0.2 0.2 0.2 0. ]
ENZY18744,4,[0.  0.  0.2 0.8 0.  0. ]
ENZY20249,5,[0.2 0.2 0.2 0.  0.4 0. ]
ENZY18216,3,[0.  0.2 0.4 0.2 0.  0.2]
ENZY18758,3,[0.  0.  0.6 0.4 0.  0. ]
ENZY16797,6,[0.  0.  0.4 0.  0.  0.6]
ENZY20379,1,[0.6 0.2 0.  0.  0.2 0. ]
ENZY16362,2,[0.2 0.6 0.2 0.  0.  0. ]
ENZY12004,3,[0.  0.2 0.8 0.  0.  0. ]
ENZY12499,5,[0.2 0.  0.  0.2 0.4 0.2]
ENZY15424,3,[0.2 0.  0.8 0.  0.  0. ]
ENZY12617,2,[0.  0.4 0.4 0.  0.  0.2]
ENZY10045,2,[0. 1. 0. 0. 0. 0.]
ENZY21297,2,[0.  0.4 0.  0.  0.2 0.4]
ENZY21868,6,[0.2 0.2 0.  0.  0.2 0.4]
ENZY18259,4,[0.  0.4 0.  0.6 0.  0. ]
ENZY12313,3,[0.  0.4 0.6 0.  0.  0. ]
ENZY18787,3,[0.  0.2 0.6 0.2 0.  0. ]
ENZY10135,2,[0.  0.4 0.4 0.  0.2 0. ]
ENZY12366,5,[0.  0.  0.2 0.  0.4 0.4]
ENZY18031,3,[0.  0.  0.8 0.2 0.  0. ]
ENZY17881,4,[0.  0.4 0.  0.6 0.  0. ]
ENZY15814,5,[0.  0.2 0.2 0.  0.4 0.2]
ENZY1028,1,[0.4 0.  0.4 0.2 0.  0. ]
ENZY7285,2,[0. 1. 0. 0. 0. 0.]
ENZY6732,2,[0. 1. 0. 0. 0. 0.]
ENZY7591,2,[0.2 0.6 0.2 0.  0.  0. ]
ENZY701,1,[1. 0. 0. 0. 0. 0.]
ENZY637,1,[0.8 0.  0.2 0.  0.  0. ]
ENZY188,1,[1. 0. 0. 0. 0. 0.]
ENZY220,2,[0.2 0.4 0.2 0.2 0.  0. ]
ENZY16295,3,[0.2 0.  0.6 0.  0.  0.2]
ENZY21670,6,[0.  0.2 0.  0.  0.  0.8]
ENZY11362,2,[0.  0.8 0.  0.2 0.  0. ]
ENZY10243,2,[0.  0.6 0.4 0.  0.  0. ]
ENZY18035,2,[0.  0.6 0.  0.2 0.2 0. ]
ENZY19551,3,[0.2 0.  0.6 0.  0.2 0. ]
ENZY21634,2,[0.  0.6 0.  0.  0.  0.4]
ENZY11694,2,[0.  0.6 0.2 0.2 0.  0. ]
ENZY868,1,[0.6 0.  0.4 0.  0.  0. ]
ENZY284,1,[0.8 0.  0.  0.2 0.  0. ]
ENZY244,1,[1. 0. 0. 0. 0. 0.]
ENZY2773,1,[0.8 0.2 0.  0.  0.  0. ]
ENZY1534,1,[0.4 0.4 0.  0.  0.2 0. ]
ENZY1088,3,[0.2 0.  0.4 0.2 0.  0.2]
ENZY3663,2,[0.  0.4 0.4 0.  0.2 0. ]
ENZY7864,2,[0.  0.8 0.  0.  0.2 0. ]
ENZY11488,6,[0.  0.  0.2 0.  0.2 0.6]
ENZY20466,3,[0.  0.2 0.4 0.  0.4 0. ]
ENZY19321,5,[0.  0.4 0.  0.  0.6 0. ]
ENZY16079,3,[0.2 0.  0.6 0.  0.2 0. ]
ENZY1808,1,[0.6 0.4 0.  0.  0.  0. ]
ENZY7739,2,[0. 1. 0. 0. 0. 0.]
ENZY1753,1,[0.6 0.4 0.  0.  0.  0. ]
ENZY7497,2,[0. 1. 0. 0. 0. 0.]
ENZY6985,2,[0.  0.8 0.2 0.  0.  0. ]
ENZY2250,1,[1. 0. 0. 0. 0. 0.]
ENZY3638,2,[0. 1. 0. 0. 0. 0.]
ENZY2082,4,[0.2 0.  0.2 0.6 0.  0. ]
ENZY10123,3,[0.  0.4 0.6 0.  0.  0. ]
ENZY16126,3,[0.2 0.2 0.6 0.  0.  0. ]
ENZY19758,5,[0.  0.  0.2 0.  0.8 0. ]
ENZY11607,2,[0.  0.6 0.2 0.2 0.  0. ]
ENZY3152,1,[0.4 0.2 0.4 0.  0.  0. ]
ENZY3665,2,[0.2 0.6 0.2 0.  0.  0. ]
ENZY6294,2,[0.  0.6 0.4 0.  0.  0. ]
ENZY5503,2,[0. 1. 0. 0. 0. 0.]
ENZY5038,2,[0.  0.8 0.2 0.  0.  0. ]
ENZY1945,1,[0.4 0.4 0.  0.  0.  0.2]
ENZY5783,2,[0.  0.6 0.4 0.  0.  0. ]
ENZY1332,2,[0.2 0.4 0.4 0.  0.  0. ]
ENZY17065,3,[0.  0.2 0.8 0.  0.  0. ]
ENZY11305,1,[0.8 0.  0.  0.  0.  0.2]
ENZY21565,6,[0.2 0.  0.  0.  0.  0.8]
ENZY18991,1,[0.2 0.2 0.2 0.2 0.2 0. ]
ENZY13964,3,[0.2 0.  0.8 0.  0.  0. ]
ENZY13344,3,[0. 0. 1. 0. 0. 0.]
ENZY20569,6,[0. 0. 0. 0. 0. 1.]
ENZY19138,2,[0.  0.8 0.  0.2 0.  0. ]
ENZY19288,4,[0. 0. 0. 1. 0. 0.]
ENZY20092,1,[0.4 0.2 0.  0.  0.2 0.2]
ENZY20991,2,[0.2 0.6 0.  0.  0.  0.2]
ENZY13433,3,[0. 0. 1. 0. 0. 0.]
ENZY20560,6,[0. 0. 0. 0. 0. 1.]
ENZY21141,6,[0. 0. 0. 0. 0. 1.]
ENZY10620,2,[0.  0.8 0.  0.  0.2 0. ]
ENZY19378,2,[0.  0.8 0.2 0.  0.  0. ]
ENZY1769,1,[1. 0. 0. 0. 0. 0.]
ENZY2859,1,[0.6 0.4 0.  0.  0.  0. ]
ENZY6626,2,[0.4 0.6 0.  0.  0.  0. ]
ENZY3984,2,[0. 1. 0. 0. 0. 0.]
ENZY14656,3,[0.4 0.  0.6 0.  0.  0. ]
ENZY15780,3,[0.  0.  0.8 0.2 0.  0. ]
ENZY21568,1,[0.6 0.  0.  0.  0.  0.4]
ENZY8926,2,[0. 1. 0. 0. 0. 0.]
ENZY7796,2,[0. 1. 0. 0. 0. 0.]
ENZY7713,2,[0. 1. 0. 0. 0. 0.]
ENZY3699,2,[0.  0.6 0.4 0.  0.  0. ]
ENZY1439,1,[0.8 0.  0.2 0.  0.  0. ]
ENZY1255,1,[1. 0. 0. 0. 0. 0.]
ENZY7624,2,[0.  0.6 0.4 0.  0.  0. ]
ENZY19490,5,[0.  0.  0.  0.2 0.8 0. ]
ENZY13624,3,[0. 0. 1. 0. 0. 0.]
ENZY13242,3,[0. 0. 1. 0. 0. 0.]
ENZY11967,3,[0.  0.2 0.4 0.2 0.  0.2]
